partition_id,actual_delta_nll,additive_oof_prediction,ridge_oof_prediction,fold
0-1__2-3__4-5__6-7__8__9__10__11__12__13__14__15,0.7418081599596311,0.7549899826585418,0.7443464363279758,4
0-1__2-3__4-5__6__7-8__9__10__11__12__13__14__15,0.8792780734460255,0.8892415203967791,0.882975582960998,4
0-1__2-3__4-5__6__7__8-9__10__11__12__13__14__15,0.8688009519381259,0.8805764851452033,0.8740024287855952,0
0-1__2-3__4-5__6__7__8__9-10__11__12__13__14__15,0.8342222929700025,0.8557111251179036,0.8386334398093629,4
0-1__2-3__4-5__6__7__8__9__10-11__12__13__14__15,0.9177571424407809,0.9196787426031615,0.9213206524783775,1
0-1__2-3__4-5__6__7__8__9__10__11-12__13__14__15,0.8914898096757664,0.8960670464311998,0.8942825096000859,2
0-1__2-3__4-5__6__7__8__9__10__11__12-13__14__15,0.8710920258351438,0.8851576622657333,0.8746765855125866,1
0-1__2-3__4-5__6__7__8__9__10__11__12__13-14__15,0.8430956186087597,0.8420280552026903,0.8319465270616513,0
0-1__2-3__4-5__6__7__8__9__10__11__12__13__14-15,0.8360668729593792,0.8184096385112852,0.8181835967892969,1
0-1__2-3__4__5-6__7-8__9__10__11__12__13__14__15,0.7718576792980798,0.7587269295711738,0.7696979208336007,3
0-1__2-3__4__5-6__7__8-9__10__11__12__13__14__15,0.7595187422117533,0.7548669136019677,0.7618266578810651,0
0-1__2-3__4__5-6__7__8__9-10__11__12__13__14__15,0.7211799495730578,0.7307745089763305,0.7206125803506762,3
0-1__2-3__4__5-6__7__8__9__10-11__12__13__14__15,0.7875284146470172,0.7979915546859714,0.7884455368684264,0
0-1__2-3__4__5-6__7__8__9__10__11-12__13__14__15,0.78097459973944,0.7648234590939438,0.784390978042646,3
0-1__2-3__4__5-6__7__8__9__10__11__12-13__14__15,0.7729623506495678,0.7614431077497723,0.7797634429249142,1
0-1__2-3__4__5-6__7__8__9__10__11__12__13-14__15,0.7225802371229246,0.7138015033296256,0.7241072057205599,3
0-1__2-3__4__5-6__7__8__9__10__11__12__13__14-15,0.7075302365471776,0.6913378335385696,0.7051146893873345,3
0-1__2-3__4__5__6-7__8-9__10__11__12__13__14__15,0.722601430040883,0.7206919690849586,0.7210850444687882,3
0-1__2-3__4__5__6-7__8__9-10__11__12__13__14__15,0.7057119236197522,0.7008304922873163,0.7024271921264835,4
0-1__2-3__4__5__6-7__8__9__10-11__12__13__14__15,0.7562206670102949,0.7649956748129678,0.7563116120031044,1
0-1__2-3__4__5__6-7__8__9__10__11-12__13__14__15,0.7552415473952907,0.7337425502090476,0.7577000275471513,3
0-1__2-3__4__5__6-7__8__9__10__11__12-13__14__15,0.7749287981907758,0.7337662020987065,0.7867612758120639,0
0-1__2-3__4__5__6-7__8__9__10__11__12__13-14__15,0.7096258640755426,0.686545339907654,0.7142303850662047,4
0-1__2-3__4__5__6-7__8__9__10__11__12__13__14-15,0.6745744665114177,0.6627796075176927,0.6719931234626438,4
0-1__2-3__4__5__6__7-8__9-10__11__12__13__14__15,0.8215953019590554,0.8303319698288414,0.8171520243180493,3
0-1__2-3__4__5__6__7-8__9__10-11__12__13__14__15,0.8979763187620993,0.8969490263308297,0.8963691185397411,1
0-1__2-3__4__5__6__7-8__9__10__11-12__13__14__15,0.892764620533903,0.8643809199464548,0.8872950154720101,3
0-1__2-3__4__5__6__7-8__9__10__11__12-13__14__15,0.9137311387271829,0.8566040185239899,0.9106925623914497,3
0-1__2-3__4__5__6__7-8__9__10__11__12__13-14__15,0.8403097751203523,0.8174775005616949,0.838122021296183,1
0-1__2-3__4__5__6__7-8__9__10__11__12__13__14-15,0.7899738849665994,0.79703114525593,0.7856687439991502,4
0-1__2-3__4__5__6__7__8-9__10-11__12__13__14__15,0.8749795104518077,0.8916064218829285,0.8756503588379225,0
0-1__2-3__4__5__6__7__8-9__10__11-12__13__14__15,0.866897768988288,0.8636245126406015,0.8646243853070643,1
0-1__2-3__4__5__6__7__8-9__10__11__12-13__14__15,0.8909520622805296,0.8567749562703678,0.8920314582991604,0
0-1__2-3__4__5__6__7__8-9__10__11__12__13-14__15,0.8203816432524054,0.8064049125808176,0.8189412121019362,3
0-1__2-3__4__5__6__7__8-9__10__11__12__13__14-15,0.772232896538191,0.7870890267351587,0.7708718764397194,2
0-1__2-3__4__5__6__7__8__9-10__11-12__13__14__15,0.8382623552227297,0.839172336404238,0.8372184123168102,0
0-1__2-3__4__5__6__7__8__9-10__11__12-13__14__15,0.8541331151363787,0.8286515979291464,0.8553956870655954,3
0-1__2-3__4__5__6__7__8__9-10__11__12__13-14__15,0.7998349692231868,0.7854065435872931,0.8004803617492398,3
0-1__2-3__4__5__6__7__8__9-10__11__12__13__14-15,0.7541943528668504,0.7625156370792151,0.7532106469308965,2
0-1__2-3__4__5__6__7__8__9__10-11__12-13__14__15,0.9244947619918271,0.8933565510682299,0.9214635116850691,3
0-1__2-3__4__5__6__7__8__9__10-11__12__13-14__15,0.8543317847004852,0.8501114967263765,0.8536424385983835,3
0-1__2-3__4__5__6__7__8__9__10-11__12__13__14-15,0.7997974020994301,0.8276478269353205,0.7984603360269968,3
0-1__2-3__4__5__6__7__8__9__10__11-12__13-14__15,0.8546098017389587,0.8275729990668245,0.8571558823522957,2
0-1__2-3__4__5__6__7__8__9__10__11-12__13__14-15,0.8025921279034653,0.7998065551217142,0.8012437331088974,0
0-1__2-3__4__5__6__7__8__9__10__11__12-13__14-15,0.8126244451759614,0.795166739717274,0.8167299410136727,2
0-1__2__3-4__5-6__7-8__9__10__11__12__13__14__15,0.776131314849108,0.7903730390728045,0.7747485033071972,1
0-1__2__3-4__5-6__7__8-9__10__11__12__13__14__15,0.7766035262673716,0.7819611690262998,0.7730608645644812,1
0-1__2__3-4__5-6__7__8__9-10__11__12__13__14__15,0.7399582489960821,0.7567728533550321,0.7373581619163688,3
0-1__2__3-4__5-6__7__8__9__10-11__12__13__14__15,0.8158454573399156,0.8218412608118925,0.8149881673324251,1
0-1__2__3-4__5-6__7__8__9__10__11-12__13__14__15,0.8107579031764356,0.7928555303541127,0.8101885235981743,0
0-1__2__3-4__5-6__7__8__9__10__11__12-13__14__15,0.7849546662756657,0.7875369852105288,0.785303742027445,0
0-1__2__3-4__5-6__7__8__9__10__11__12__13-14__15,0.7237213988691016,0.7423697350427576,0.7243432460358109,1
0-1__2__3-4__5-6__7__8__9__10__11__12__13__14-15,0.7182358036059906,0.7157034063754742,0.717616375714949,2
0-1__2__3-4__5__6-7__8-9__10__11__12__13__14__15,0.7268805601729671,0.7498499227643816,0.7265315257101757,0
0-1__2__3-4__5__6-7__8__9-10__11__12__13__14__15,0.7147381405909625,0.7257627861898422,0.7104609600379571,4
0-1__2__3-4__5__6-7__8__9__10-11__12__13__14__15,0.7732254058151771,0.7874405809093215,0.7720455983940301,2
0-1__2__3-4__5__6-7__8__9__10__11-12__13__14__15,0.7749589391467859,0.7597408945877492,0.7764040051767804,3
0-1__2__3-4__5__6-7__8__9__10__11__12-13__14__15,0.7801950446321815,0.7519639931652843,0.7831389551416319,3
0-1__2__3-4__5__6-7__8__9__10__11__12__13-14__15,0.7055099157294222,0.7113014928218687,0.7074684642773441,0
0-1__2__3-4__5__6-7__8__9__10__11__12__13__14-15,0.6774869673645973,0.6862552690323749,0.6767896790773509,3
0-1__2__3-4__5__6__7-8__9-10__11__12__13__14__15,0.8288206807096445,0.8595858930246257,0.8318753902358631,1
0-1__2__3-4__5__6__7-8__9__10-11__12__13__14__15,0.9166381277529956,0.9210352673466264,0.9186122098994373,3
0-1__2__3-4__5__6__7-8__9__10__11-12__13__14__15,0.9125770417825914,0.8979134554117983,0.9111058677432967,1
0-1__2__3-4__5__6__7-8__9__10__11__12-13__14__15,0.9156084461529117,0.8826023629026916,0.9142228930549958,3
0-1__2__3-4__5__6__7-8__9__10__11__12__13-14__15,0.8333610658654953,0.8415896625883426,0.8341388088984827,0
0-1__2__3-4__5__6__7-8__9__10__11__12__13__14-15,0.7923340760134998,0.8149995305103572,0.7951711632267628,2
0-1__2__3-4__5__6__7__8-9__10-11__12__13__14__15,0.9043083298124754,0.9140812157453074,0.9076001209380469,3
0-1__2__3-4__5__6__7__8-9__10__11-12__13__14__15,0.8963205336592184,0.8884553100370158,0.8971583726563607,4
0-1__2__3-4__5__6__7__8-9__10__11__12-13__14__15,0.9029682523926912,0.8798931486715886,0.9008402811446936,1
0-1__2__3-4__5__6__7__8-9__10__11__12__13-14__15,0.8238000715932534,0.8323943870929961,0.8250941679538308,2
0-1__2__3-4__5__6__7__8-9__10__11__12__13__14-15,0.7880290251440085,0.8116583641841044,0.7888924163973154,4
0-1__2__3-4__5__6__7__8__9-10__11-12__13__14__15,0.8734546798415197,0.8652299897324919,0.8715071981102156,4
0-1__2__3-4__5__6__7__8__9-10__11__12-13__14__15,0.8701910194180691,0.8565330344262854,0.8712562697299281,1
0-1__2__3-4__5__6__7__8__9-10__11__12__13-14__15,0.8074153301652922,0.8113890819838163,0.8100820232776357,0
0-1__2__3-4__5__6__7__8__9-10__11__12__13__14-15,0.7760909887819114,0.7876505656340916,0.7756154175829062,0
0-1__2__3-4__5__6__7__8__9__10-11__12-13__14__15,0.9505801485197747,0.9193959905075085,0.9448287757035114,2
0-1__2__3-4__5__6__7__8__9__10-11__12__13-14__15,0.86991038979673,0.8783748270247145,0.8720151759158442,4
0-1__2__3-4__5__6__7__8__9__10-11__12__13__14-15,0.8258768833977035,0.8530252167027332,0.8289437759506821,1
0-1__2__3-4__5__6__7__8__9__10__11-12__13-14__15,0.8763453161028938,0.8454538380836082,0.8737192609319382,3
0-1__2__3-4__5__6__7__8__9__10__11-12__13__14-15,0.8326922656270881,0.8241834512588323,0.8314132209785057,0
0-1__2__3-4__5__6__7__8__9__10__11__12-13__14-15,0.8265476142905674,0.8194588245342295,0.8266840791232232,4
0-1__2__3__4-5__6-7__8-9__10__11__12__13__14__15,0.7798530414540279,0.7762182911980848,0.7826153892343267,3
0-1__2__3__4-5__6-7__8__9-10__11__12__13__14__15,0.7582370132528329,0.7552199222045604,0.7566549732228732,3
0-1__2__3__4-5__6-7__8__9__10-11__12__13__14__15,0.8431231861356885,0.8182094050691527,0.8429311356115882,4
0-1__2__3__4-5__6-7__8__9__10__11-12__13__14__15,0.795466225401281,0.7907794153972677,0.7957383311594586,4
0-1__2__3__4-5__6-7__8__9__10__11__12-13__14__15,0.7522098050905228,0.7826903975201639,0.7459655771537311,2
0-1__2__3__4-5__6-7__8__9__10__11__12__13-14__15,0.7261547408378952,0.7390054179675872,0.7269037927308263,1
0-1__2__3__4-5__6-7__8__9__10__11__12__13__14-15,0.7341536454790845,0.7129739583766032,0.7423829359020615,2
0-1__2__3__4-5__6__7-8__9-10__11__12__13__14__15,0.8800575577035792,0.8874615900713583,0.8849487572715311,0
0-1__2__3__4-5__6__7-8__9__10-11__12__13__14__15,1.0031189545624883,0.9505632450810511,0.9977513854539912,3
0-1__2__3__4-5__6__7-8__9__10__11-12__13__14__15,0.9400294015834056,0.9199072420595811,0.9398396814742256,3
0-1__2__3__4-5__6__7-8__9__10__11__12-13__14__15,0.8860367031973713,0.918675930552515,0.8879658521799304,0
0-1__2__3__4-5__6__7-8__9__10__11__12__13-14__15,0.8599294380941229,0.8709587694854493,0.8635292064902375,1
0-1__2__3__4-5__6__7-8__9__10__11__12__13__14-15,0.863812649821023,0.8428909947331515,0.8699914254985949,2
0-1__2__3__4-5__6__7__8-9__10-11__12__13__14__15,1.013156819087203,0.9392097417481875,1.0002668763766074,2
0-1__2__3__4-5__6__7__8-9__10__11-12__13__14__15,0.9433639564588736,0.9155401571626709,0.9417310619928496,2
0-1__2__3__4-5__6__7__8-9__10__11__12-13__14__15,0.8907228387812136,0.9113965149577025,0.8914551027852569,0
0-1__2__3__4-5__6__7__8-9__10__11__12__13-14__15,0.8675938058109232,0.8602858513157903,0.8699760069186641,2
0-1__2__3__4-5__6__7__8-9__10__11__12__13__14-15,0.8810148113284288,0.836851654992675,0.8799975461001032,2
0-1__2__3__4-5__6__7__8__9-10__11-12__13__14__15,0.9087087588342868,0.8915005578566295,0.9064058448057247,4
0-1__2__3__4-5__6__7__8__9-10__11__12-13__14__15,0.8447299199369995,0.8841372306253477,0.8509782476380161,1
0-1__2__3__4-5__6__7__8__9-10__11__12__13-14__15,0.8390126149092714,0.8391867851936411,0.8448321933069788,1
0-1__2__3__4-5__6__7__8__9-10__11__12__13__14-15,0.8568419669031044,0.8122782653367314,0.8523106099895856,2
0-1__2__3__4-5__6__7__8__9__10-11__12-13__14__15,0.9479476624802992,0.9488828731813561,0.950287428109693,3
0-1__2__3__4-5__6__7__8__9__10-11__12__13-14__15,0.9307269005947916,0.9024269912245371,0.9326050703253534,1
0-1__2__3__4-5__6__7__8__9__10-11__12__13__14-15,0.9415890995708027,0.877571015586742,0.9326282408381592,2
0-1__2__3__4-5__6__7__8__9__10__11-12__13-14__15,0.8830157128014289,0.8773356273243407,0.8834498010403533,2
0-1__2__3__4-5__6__7__8__9__10__11-12__13__14-15,0.8866991763706897,0.8544281138090488,0.8862267529737181,0
0-1__2__3__4-5__6__7__8__9__10__11__12-13__14-15,0.819939465583361,0.8449293679747902,0.8261986408804396,2
0-1__2__3__4__5-6__7-8__9-10__11__12__13__14__15,0.739583378080515,0.7614044077008548,0.7395855674984831,3
0-1__2__3__4__5-6__7-8__9__10-11__12__13__14__15,0.8379501867620593,0.8269136131781056,0.8403827543064379,4
0-1__2__3__4__5-6__7-8__9__10__11-12__13__14__15,0.8044386017240965,0.7980331949826955,0.8045569998143063,2
0-1__2__3__4__5-6__7-8__9__10__11__12-13__14__15,0.7682451945479194,0.7876764563960034,0.7644228531217115,3
0-1__2__3__4__5-6__7-8__9__10__11__12__13-14__15,0.7270658838900417,0.74443140205415,0.7260719160966977,3
0-1__2__3__4__5-6__7-8__9__10__11__12__13__14-15,0.722579661935189,0.7193446928126996,0.7265105907583511,2
0-1__2__3__4__5-6__7__8-9__10-11__12__13__14__15,0.8450210772651383,0.8183038706921182,0.8435922010902523,1
0-1__2__3__4__5-6__7__8-9__10__11-12__13__14__15,0.8065173176143645,0.7884993062171493,0.8048379181534917,3
0-1__2__3__4__5-6__7__8-9__10__11__12-13__14__15,0.7704520258153051,0.7807224047946845,0.7673957874222405,3
0-1__2__3__4__5-6__7__8-9__10__11__12__13-14__15,0.7322427091477319,0.7367395493953384,0.7325826698591843,2
0-1__2__3__4__5-6__7__8-9__10__11__12__13__14-15,0.7344476400582325,0.7151068216507864,0.7372692978790106,0
0-1__2__3__4__5-6__7__8__9-10__11-12__13__14__15,0.7659734118136257,0.7659532282273452,0.7626829134820832,4
0-1__2__3__4__5-6__7__8__9-10__11__12-13__14__15,0.7237007312644144,0.7627657784047532,0.7200521111671065,0
0-1__2__3__4__5-6__7__8__9-10__11__12__13-14__15,0.700198004322667,0.7164789814593066,0.7005277280798876,3
0-1__2__3__4__5-6__7__8__9-10__11__12__13__14-15,0.7037102772926191,0.6940153116682506,0.7045101082179848,3
0-1__2__3__4__5-6__7__8__9__10-11__12-13__14__15,0.8046628606167943,0.8237411528098509,0.8064440898426631,2
0-1__2__3__4__5-6__7__8__9__10-11__12__13-14__15,0.7718001549311513,0.778712436708576,0.774094865183894,1
0-1__2__3__4__5-6__7__8__9__10-11__12__13__14-15,0.7687393908160409,0.7553323331296066,0.7698846286226262,4
0-1__2__3__4__5-6__7__8__9__10__11-12__13-14__15,0.7488519019744961,0.7524570586155379,0.747236104642106,0
0-1__2__3__4__5-6__7__8__9__10__11-12__13__14-15,0.7424533094478845,0.7279023434577215,0.7454015122832607,4
0-1__2__3__4__5-6__7__8__9__10__11__12-13__14-15,0.6987683710115045,0.7233999971222294,0.6973202877621009,0
0-1__2__3__4__5__6-7__8-9__10-11__12__13__14__15,0.7743327545397207,0.7872752350024512,0.7759908917330711,4
0-1__2__3__4__5__6-7__8-9__10__11-12__13__14__15,0.7464791705298399,0.7616116015833466,0.7469724842965849,0
0-1__2__3__4__5__6-7__8-9__10__11__12-13__14__15,0.7442601256123504,0.7521249649019275,0.7392492394669843,4
0-1__2__3__4__5__6-7__8-9__10__11__12__13-14__15,0.693677610432764,0.7068140318676162,0.6891237176630783,4
0-1__2__3__4__5__6-7__8-9__10__11__12__13__14-15,0.6690268097035696,0.6857129346760822,0.6718280403565338,0
0-1__2__3__4__5__6-7__8__9-10__11-12__13__14__15,0.7288876153157258,0.7366199250260422,0.7244977539232147,4
0-1__2__3__4__5__6-7__8__9-10__11__12-13__14__15,0.7192416410175815,0.7288996445974035,0.7127185882464067,4
0-1__2__3__4__5__6-7__8__9-10__11__12__13-14__15,0.6846274495241342,0.6835887115630921,0.6787528806349289,4
0-1__2__3__4__5__6-7__8__9-10__11__12__13__14-15,0.6625445362176832,0.6581110511946142,0.6627443215121832,2
0-1__2__3__4__5__6-7__8__9__10-11__12-13__14__15,0.7884095244160614,0.7950756953525763,0.7836242276472043,4
0-1__2__3__4__5__6-7__8__9__10-11__12__13-14__15,0.7400340684348183,0.7497647623182649,0.7362085752118432,4
0-1__2__3__4__5__6-7__8__9__10-11__12__13__14-15,0.7075832283974623,0.7288375757600859,0.711447085790255,0
0-1__2__3__4__5__6-7__8__9__10__11-12__13-14__15,0.7223849725396985,0.7223347726463799,0.7166629813450905,4
0-1__2__3__4__5__6-7__8__9__10__11-12__13__14-15,0.6919655119335664,0.7010337014678786,0.6918884155501865,1
0-1__2__3__4__5__6-7__8__9__10__11__12-13__14-15,0.6802213087109878,0.6892064514785028,0.6773302491830118,3
0-1__2__3__4__5__6__7-8__9-10__11-12__13__14__15,0.8452776897687713,0.8710159510467208,0.8489116232381967,1
0-1__2__3__4__5__6__7-8__9-10__11__12-13__14__15,0.8327716019146605,0.8636600611965228,0.834161527791919,0
0-1__2__3__4__5__6__7-8__9-10__11__12__13-14__15,0.7949495613866304,0.8160364423118176,0.7931087918275167,3
0-1__2__3__4__5__6__7-8__9-10__11__12__13__14-15,0.7617346147404858,0.7946594905985679,0.765761040721345,1
0-1__2__3__4__5__6__7-8__9__10-11__12-13__14__15,0.9319647335004015,0.9239864497927543,0.9275328314520588,3
0-1__2__3__4__5__6__7-8__9__10-11__12__13-14__15,0.8766685958481952,0.8840163000565022,0.8766492884378283,4
0-1__2__3__4__5__6__7-8__9__10-11__12__13__14-15,0.8335300125800735,0.860250567666541,0.8405160621790334,4
0-1__2__3__4__5__6__7-8__9__10__11-12__13-14__15,0.8511426068937089,0.8565863103846172,0.8459560265701407,4
0-1__2__3__4__5__6__7-8__9__10__11-12__13__14-15,0.8113734626583575,0.8296512532156567,0.8124750347755232,2
0-1__2__3__4__5__6__7-8__9__10__11__12-13__14-15,0.7958653558151232,0.8251002975660172,0.7924107357769687,4
0-1__2__3__4__5__6__7__8-9__10-11__12-13__14__15,0.9196594104039706,0.9190221581164622,0.9209166777770523,4
0-1__2__3__4__5__6__7__8-9__10-11__12__13-14__15,0.8700320471300289,0.8755848462814718,0.8718544868025166,0
0-1__2__3__4__5__6__7__8-9__10-11__12__13__14-15,0.834727736628766,0.849487826582959,0.8407247706192794,1
0-1__2__3__4__5__6__7__8-9__10__11-12__13-14__15,0.8413908996656607,0.846071925812495,0.8416765896912455,0
0-1__2__3__4__5__6__7__8-9__10__11-12__13__14-15,0.8054772868300928,0.8223334094627704,0.8112043400120165,0
0-1__2__3__4__5__6__7__8-9__10__11__12-13__14-15,0.7941425683328251,0.814639850448745,0.7921560724125327,2
0-1__2__3__4__5__6__7__8__9-10__11-12__13-14__15,0.8215121411857718,0.8230559151057417,0.8194054701100946,4
0-1__2__3__4__5__6__7__8__9-10__11-12__13__14-15,0.7891539963342806,0.7994122444530567,0.7921318780293299,0
0-1__2__3__4__5__6__7__8__9-10__11__12-13__14-15,0.7698690856307131,0.7918924006210666,0.7662447689152883,3
0-1__2__3__4__5__6__7__8__9__10-11__12-13__14-15,0.8262672820515418,0.8601395054031902,0.8295910107710328,0
0__1-2__3-4__5-6__7-8__9__10__11__12__13__14__15,0.7868119628548271,0.7864932162061696,0.7862200675747961,0
0__1-2__3-4__5-6__7__8-9__10__11__12__13__14__15,0.7781759235982442,0.7808051318354357,0.7779025927728682,4
0__1-2__3-4__5-6__7__8__9-10__11__12__13__14__15,0.7510408642005357,0.7575798115309117,0.7509070014976934,4
0__1-2__3-4__5-6__7__8__9__10-11__12__13__14__15,0.8137701399048982,0.8227250074823141,0.8160714362369542,2
0__1-2__3-4__5-6__7__8__9__10__11-12__13__14__15,0.8028278462698033,0.7928255212263842,0.8037111434168294,0
0__1-2__3-4__5-6__7__8__9__10__11__12-13__14__15,0.7931951068829699,0.7875069760828002,0.7950419568522442,0
0__1-2__3-4__5-6__7__8__9__10__11__12__13-14__15,0.7288231989505354,0.7436826106809794,0.730834119986236,3
0__1-2__3-4__5-6__7__8__9__10__11__12__13__14-15,0.7242575176533599,0.7217039567315479,0.7252630850485255,1
0__1-2__3-4__5__6-7__8-9__10__11__12__13__14__15,0.7408740471535067,0.7514718286341328,0.7376468583053694,4
0__1-2__3-4__5__6-7__8__9-10__11__12__13__14__15,0.7364638222277691,0.7282465083296088,0.7332007175483352,4
0__1-2__3-4__5__6-7__8__9__10-11__12__13__14__15,0.7824776263530655,0.7944225590847817,0.7819416400205534,4
0__1-2__3-4__5__6-7__8__9__10__11-12__13__14__15,0.7754455237328015,0.7634316342516799,0.7762836774922912,0
0__1-2__3-4__5__6-7__8__9__10__11__12-13__14__15,0.7938361587412546,0.7592722889842578,0.7998239937772078,4
0__1-2__3-4__5__6-7__8__9__10__11__12__13-14__15,0.718952466548946,0.7112714836941401,0.722159401900363,0
0__1-2__3-4__5__6-7__8__9__10__11__12__13__14-15,0.6943420599399541,0.6897460085051363,0.6914436928890605,2
0__1-2__3-4__5__6__7-8__9-10__11__12__13__14__15,0.8573144202358209,0.8567283813671865,0.8549873219993822,2
0__1-2__3-4__5__6__7-8__9__10-11__12__13__14__15,0.9278240716585548,0.9286740968230189,0.9300495282683319,4
0__1-2__3-4__5__6__7-8__9__10__11-12__13__14__15,0.9144839406130014,0.8942620272978088,0.9136831315214426,3
0__1-2__3-4__5__6__7-8__9__10__11__12-13__14__15,0.932013791793719,0.8893794840052454,0.9328073044337786,2
0__1-2__3-4__5__6__7-8__9__10__11__12__13-14__15,0.8494909329381741,0.8432400715334905,0.8507205184999994,3
0__1-2__3-4__5__6__7-8__9__10__11__12__13__14-15,0.8121767384332408,0.8196630448616846,0.8111715865327233,2
0__1-2__3-4__5__6__7__8-9__10-11__12__13__14__15,0.9087333590637083,0.9179639787179598,0.9118866301087502,3
0__1-2__3-4__5__6__7__8-9__10__11-12__13__14__15,0.8946852865806418,0.8906333853768252,0.8927937664768802,1
0__1-2__3-4__5__6__7__8-9__10__11__12-13__14__15,0.9160709469665642,0.8832187517481436,0.914734823508754,4
0__1-2__3-4__5__6__7__8-9__10__11__12__13-14__15,0.836219091685753,0.8362860199321714,0.8349179209327796,3
0__1-2__3-4__5__6__7__8-9__10__11__12__13__14-15,0.8026296395593606,0.8142769249286722,0.8003645165980898,1
0__1-2__3-4__5__6__7__8__9-10__11-12__13__14__15,0.8793702167499795,0.8635192234136275,0.8792148421870883,0
0__1-2__3-4__5__6__7__8__9-10__11__12-13__14__15,0.8932784286528852,0.8587667546088253,0.8941196321621695,2
0__1-2__3-4__5__6__7__8__9-10__11__12__13-14__15,0.8305155818413432,0.815287650938647,0.829159554982,3
0__1-2__3-4__5__6__7__8__9-10__11__12__13__14-15,0.7975515643406004,0.792823981147591,0.795597005119622,3
0__1-2__3-4__5__6__7__8__9__10-11__12-13__14__15,0.9605383583993623,0.9209050404687131,0.9536736924878166,1
0__1-2__3-4__5__6__7__8__9__10-11__12__13-14__15,0.8798059359090882,0.8799926040777304,0.87837714398708,3
0__1-2__3-4__5__6__7__8__9__10-11__12__13__14-15,0.8345224593974514,0.8570928167745199,0.8370237605991432,4
0__1-2__3-4__5__6__7__8__9__10__11-12__13-14__15,0.8741131085221481,0.8478919584808283,0.8733318675269663,0
0__1-2__3-4__5__6__7__8__9__10__11-12__13__14-15,0.8333240333773411,0.8241534421311036,0.8317441869857739,0
0__1-2__3-4__5__6__7__8__9__10__11__12-13__14-15,0.8416005206364456,0.8188348969875198,0.8425756638615448,0
0__1-2__3__4-5__6-7__8-9__10__11__12__13__14__15,0.7729852420959773,0.7792761988893759,0.7754407554779592,2
0__1-2__3__4-5__6-7__8__9-10__11__12__13__14__15,0.7592897638897043,0.7563685377173578,0.7600303527666052,1
0__1-2__3__4-5__6-7__8__9__10-11__12__13__14__15,0.8296564103105082,0.8196087437482538,0.8331099092373992,1
0__1-2__3__4-5__6-7__8__9__10__11-12__13__14__15,0.7773767338004163,0.7963259748979264,0.7766972118137648,2
0__1-2__3__4-5__6-7__8__9__10__11__12-13__14__15,0.7509177563127531,0.7883577516583126,0.7425698218584547,0
0__1-2__3__4-5__6-7__8__9__10__11__12__13-14__15,0.7226645836965311,0.7421296795305078,0.7202107178934101,3
0__1-2__3__4-5__6-7__8__9__10__11__12__13__14-15,0.7331429231667919,0.7183396396563775,0.7359916273609417,1
0__1-2__3__4-5__6__7-8__9-10__11__12__13__14__15,0.8896441706697491,0.8887686141919838,0.8890369388704723,4
0__1-2__3__4-5__6__7-8__9__10-11__12__13__14__15,0.992802970453674,0.9499125958399913,0.987981930600681,2
0__1-2__3__4-5__6__7-8__9__10__11-12__13__14__15,0.9228958048778546,0.9239644665683703,0.9236619482807411,0
0__1-2__3__4-5__6__7-8__9__10__11__12-13__14__15,0.8875264911707541,0.9197943948466328,0.887225060849781,4
0__1-2__3__4-5__6__7-8__9__10__11__12__13-14__15,0.859100538031913,0.8720905694969809,0.8605888760666813,1
0__1-2__3__4-5__6__7-8__9__10__11__12__13__14-15,0.864320249734619,0.8480657996611058,0.8649034811668319,0
0__1-2__3__4-5__6__7__8-9__10-11__12__13__14__15,0.9919467471095711,0.9474919564523843,0.9888563835542664,3
0__1-2__3__4-5__6__7__8-9__10__11-12__13__14__15,0.9184089382839113,0.9168359534309143,0.920975179758924,3
0__1-2__3__4-5__6__7__8-9__10__11__12-13__14__15,0.884904474573518,0.9112316084875631,0.8855465451549888,2
0__1-2__3__4-5__6__7__8-9__10__11__12__13-14__15,0.8592146051244649,0.8658139976665961,0.8610204384384696,3
0__1-2__3__4-5__6__7__8-9__10__11__12__13__14-15,0.8719473379215303,0.8415151693440023,0.8719669476838693,2
0__1-2__3__4-5__6__7__8__9-10__11-12__13__14__15,0.8924885458027978,0.8956302818580546,0.8928637162422248,2
0__1-2__3__4-5__6__7__8__9-10__11__12-13__14__15,0.8501983178326116,0.888060683014925,0.8526907219236872,3
0__1-2__3__4-5__6__7__8__9-10__11__12__13-14__15,0.8424081914236119,0.8409530665334459,0.8442593963000998,4
0__1-2__3__4-5__6__7__8__9-10__11__12__13__14-15,0.8568704088645482,0.8178652190565796,0.8552918529745621,0
0__1-2__3__4-5__6__7__8__9__10-11__12-13__14__15,0.9381839951695117,0.9524400503229301,0.9403675463076284,4
0__1-2__3__4-5__6__7__8__9__10-11__12__13-14__15,0.9177233918787566,0.9056687262611847,0.9190394816303309,2
0__1-2__3__4-5__6__7__8__9__10-11__12__13__14-15,0.9249119404357433,0.8817612129133273,0.9204356281865766,1
0__1-2__3__4-5__6__7__8__9__10__11-12__13-14__15,0.8633088664691586,0.8819991416756681,0.8636117398486505,2
0__1-2__3__4-5__6__7__8__9__10__11-12__13__14-15,0.8671037071727703,0.8543981046813203,0.8666611373411994,0
0__1-2__3__4-5__6__7__8__9__10__11__12-13__14-15,0.8194039233851873,0.8495928823261176,0.822929488182511,2
0__1-2__3__4__5-6__7-8__9-10__11__12__13__14__15,0.7559899859647476,0.7646073347192587,0.7564713043664739,1
0__1-2__3__4__5-6__7-8__9__10-11__12__13__14__15,0.8407620288293263,0.8293973353178722,0.842884729141695,4
0__1-2__3__4__5-6__7-8__9__10__11-12__13__14__15,0.7993290794909527,0.7993361207911206,0.7980878564444056,3
0__1-2__3__4__5-6__7-8__9__10__11__12-13__14__15,0.777232050313045,0.7915592193686557,0.7762847496151931,3
0__1-2__3__4__5-6__7-8__9__10__11__12__13-14__15,0.7347324507443904,0.7483760149810199,0.7356083637092096,1
0__1-2__3__4__5-6__7-8__9__10__11__12__13__14-15,0.7349890660447223,0.7258504952357463,0.7341592347715505,3
0__1-2__3__4__5-6__7__8-9__10-11__12__13__14__15,0.8380248688765866,0.820488399899299,0.8392070118229774,0
0__1-2__3__4__5-6__7__8-9__10__11-12__13__14__15,0.7944895356514818,0.7945230270599265,0.7939968689293504,1
0__1-2__3__4__5-6__7__8-9__10__11__12-13__14__15,0.7735966028006542,0.7876853065671112,0.7732418970277909,2
0__1-2__3__4__5-6__7__8-9__10__11__12__13-14__15,0.7331949394352861,0.739964144934515,0.7352035997187574,1
0__1-2__3__4__5-6__7__8-9__10__11__12__13__14-15,0.7381013966259253,0.7150768125230578,0.7401959784589542,0
0__1-2__3__4__5-6__7__8__9-10__11-12__13__14__15,0.7625047123443816,0.7713837001962771,0.7627829419034676,3
0__1-2__3__4__5-6__7__8__9-10__11__12-13__14__15,0.7368693197927163,0.7636067987738122,0.7351819820655651,3
0__1-2__3__4__5-6__7__8__9-10__11__12__13-14__15,0.7122316458358089,0.7168296740907222,0.7125250439695685,2
0__1-2__3__4__5-6__7__8__9-10__11__12__13__14-15,0.7162487635048489,0.6916400045142004,0.7183226273155733,4
0__1-2__3__4__5-6__7__8__9__10-11__12-13__14__15,0.807999501363506,0.8268927206936458,0.8086520364776063,4
0__1-2__3__4__5-6__7__8__9__10-11__12__13-14__15,0.7725816341672358,0.7850666975710422,0.7719810205086882,3
0__1-2__3__4__5-6__7__8__9__10-11__12__13__14-15,0.7713676771460394,0.7626030277799862,0.7682927534565148,3
0__1-2__3__4__5-6__7__8__9__10__11-12__13-14__15,0.7416630042962664,0.7524270494878093,0.7388896427721413,0
0__1-2__3__4__5-6__7__8__9__10__11-12__13__14-15,0.7393319576483437,0.7303860655974881,0.7378189031362591,4
0__1-2__3__4__5-6__7__8__9__10__11__12-13__14-15,0.7091466837497986,0.7260465804056658,0.7054483902688544,2
0__1-2__3__4__5__6-7__8-9__10-11__12__13__14__15,0.778399199451286,0.7897060419573977,0.7815653856955471,2
0__1-2__3__4__5__6-7__8-9__10__11-12__13__14__15,0.7434567137314545,0.7660364573718811,0.7431407880736544,2
0__1-2__3__4__5__6-7__8-9__10__11__12-13__14__15,0.7530700295784838,0.754608687041694,0.7532216015845534,4
0__1-2__3__4__5__6-7__8-9__10__11__12__13-14__15,0.702154692783151,0.7094214418980781,0.700729726453049,0
0__1-2__3__4__5__6-7__8-9__10__11__12__13__14-15,0.6817477478892453,0.6855320216174214,0.6812037148156789,4
0__1-2__3__4__5__6-7__8__9-10__11-12__13__14__15,0.7328924536122372,0.7414630677159375,0.7350555750937965,2
0__1-2__3__4__5__6-7__8__9-10__11__12-13__14__15,0.737090692958291,0.7305859628466858,0.7388482743973865,1
0__1-2__3__4__5__6-7__8__9-10__11__12__13-14__15,0.7023120341296307,0.6892808355470625,0.7017961207875263,3
0__1-2__3__4__5__6-7__8__9-10__11__12__13__14-15,0.6819982948191354,0.6627745655459416,0.6831875680217697,2
0__1-2__3__4__5__6-7__8__9__10-11__12-13__14__15,0.7957748392576809,0.7975594174923428,0.7950134840973856,4
0__1-2__3__4__5__6-7__8__9__10-11__12__13-14__15,0.7463483773135486,0.753985788686146,0.7443352202423207,3
0__1-2__3__4__5__6-7__8__9__10-11__12__13__14-15,0.7177826018160971,0.7288075666323572,0.7182038071098095,0
0__1-2__3__4__5__6-7__8__9__10__11-12__13-14__15,0.718876841014664,0.723329785664676,0.7190939510319052,3
0__1-2__3__4__5__6-7__8__9__10__11-12__13__14-15,0.6944638850751863,0.7021655014794103,0.6923480821221926,1
0__1-2__3__4__5__6-7__8__9__10__11__12-13__14-15,0.6933860895337709,0.6925570647857054,0.6934850982336382,1
0__1-2__3__4__5__6__7-8__9-10__11-12__13__14__15,0.8540669214690535,0.870941161048788,0.8558662596530953,3
0__1-2__3__4__5__6__7-8__9-10__11__12-13__14__15,0.8567539715696988,0.8636300520687942,0.8579726846306537,0
0__1-2__3__4__5__6__7-8__9-10__11__12__13-14__15,0.8186400447073572,0.820323971441096,0.815619661413932,4
0__1-2__3__4__5__6__7-8__9-10__11__12__13__14-15,0.7862653005158098,0.7965582390511348,0.788510426512536,4
0__1-2__3__4__5__6__7-8__9__10-11__12-13__14__15,0.9412827221412696,0.9257795203954438,0.9387415991060228,1
0__1-2__3__4__5__6__7-8__9__10-11__12__13-14__15,0.8854194708234058,0.880829074963737,0.883995269904913,1
0__1-2__3__4__5__6__7-8__9__10-11__12__13__14-15,0.8453645170142803,0.8627342898063075,0.8505993440049346,4
0__1-2__3__4__5__6__7-8__9__10__11-12__13-14__15,0.8479482715080913,0.8590700325243837,0.8480200947449663,4
0__1-2__3__4__5__6__7-8__9__10__11-12__13__14-15,0.8136856758699391,0.8295828159298543,0.8134808428281325,0
0__1-2__3__4__5__6__7-8__9__10__11__12-13__14-15,0.8093734528661827,0.8242642707862703,0.8118248471310656,0
0__1-2__3__4__5__6__7__8-9__10-11__12-13__14__15,0.925901524365706,0.9215058802562286,0.9269549879478496,4
0__1-2__3__4__5__6__7__8-9__10-11__12__13-14__15,0.8754060951262739,0.8753792087351393,0.8751856230384787,2
0__1-2__3__4__5__6__7__8-9__10-11__12__13__14-15,0.8401054445716056,0.852429214831956,0.8434303413995845,4
0__1-2__3__4__5__6__7__8-9__10__11-12__13-14__15,0.8372509402613488,0.8475045612735088,0.8357112183392491,1
0__1-2__3__4__5__6__7__8-9__10__11-12__13__14-15,0.8043813341873483,0.8282754278265074,0.8050396765204638,2
0__1-2__3__4__5__6__7__8-9__10__11__12-13__14-15,0.8047722101444608,0.8160985462570625,0.803470839949022,1
0__1-2__3__4__5__6__7__8__9-10__11-12__13-14__15,0.8271842958407438,0.8260157348072398,0.8267712944734242,3
0__1-2__3__4__5__6__7__8__9-10__11-12__13__14-15,0.7948211854503997,0.8035520650161837,0.796892654491196,3
0__1-2__3__4__5__6__7__8__9-10__11__12-13__14-15,0.7893027881722992,0.7947299751441288,0.7882705712269513,2
0__1-2__3__4__5__6__7__8__9__10-11__12-13__14-15,0.8372020558294775,0.8559786380426553,0.8362527371671775,1
0__1__2-3__4-5__6-7__8-9__10__11__12__13__14__15,0.699612547575204,0.7233654665755143,0.6965661693265133,1
0__1__2-3__4-5__6-7__8__9-10__11__12__13__14__15,0.684023928898637,0.7019562871629144,0.6791566438556902,0
0__1__2-3__4-5__6-7__8__9__10-11__12__13__14__15,0.7338493842183667,0.7668776450230315,0.7348662181343735,3
0__1__2-3__4-5__6-7__8__9__10__11-12__13__14__15,0.7082109325442492,0.7383329147173837,0.7036061606552083,1
0__1__2-3__4-5__6-7__8__9__10__11__12-13__14__15,0.7174469998155519,0.7284447405790966,0.7065105528711253,3
0__1__2-3__4-5__6-7__8__9__10__11__12__13-14__15,0.6710519939806687,0.6851996862372433,0.6636588382040223,3
0__1__2-3__4-5__6-7__8__9__10__11__12__13__14-15,0.6569034906426481,0.6625797607660059,0.660479703457394,2
0__1__2-3__4-5__6__7-8__9-10__11__12__13__14__15,0.8079942090770018,0.8323697742482583,0.8082907643120056,4
0__1__2-3__4-5__6__7-8__9__10-11__12__13__14__15,0.8856903203887789,0.8982902630231056,0.8918569170355415,0
0__1__2-3__4-5__6__7-8__9__10__11-12__13__14__15,0.8483961129584738,0.8702862662352456,0.848079005869344,1
0__1__2-3__4-5__6__7-8__9__10__11__12-13__14__15,0.8538480107968383,0.8633955549029073,0.8490728904225047,4
0__1__2-3__4-5__6__7-8__9__10__11__12__13-14__15,0.8030097141993009,0.8158380559746505,0.8012321304550379,3
0__1__2-3__4-5__6__7-8__9__10__11__12__13__14-15,0.7803762003356995,0.7924967971225542,0.78761007956376,2
0__1__2-3__4-5__6__7__8-9__10-11__12__13__14__15,0.8691002952038716,0.8905619631591197,0.8754524574600916,3
0__1__2-3__4-5__6__7__8-9__10__11-12__13__14__15,0.8297333992354909,0.8651459595520735,0.8297392083031911,2
0__1__2-3__4-5__6__7__8-9__10__11__12-13__14__15,0.8365465296561654,0.8522659594950359,0.8310866414418685,1
0__1__2-3__4-5__6__7__8-9__10__11__12__13-14__15,0.787721521110945,0.8098916537051929,0.7886262396949775,2
0__1__2-3__4-5__6__7__8-9__10__11__12__13__14-15,0.767965162954023,0.7855992600520517,0.7769139433583038,0
0__1__2-3__4-5__6__7__8__9-10__11-12__13__14__15,0.8032837030591615,0.8405725698961299,0.8012157176628547,2
0__1__2-3__4-5__6__7__8__9-10__11__12-13__14__15,0.8024604257600396,0.8332582168060186,0.7959617266750775,0
0__1__2-3__4-5__6__7__8__9-10__11__12__13-14__15,0.7691746387313891,0.783955399818026,0.7697452626045215,1
0__1__2-3__4-5__6__7__8__9-10__11__12__13__14-15,0.7500689288388251,0.7626780950423381,0.7577979967253526,0
0__1__2-3__4-5__6__7__8__9__10-11__12-13__14__15,0.8691593941122671,0.8968932571197055,0.8683433091556004,2
0__1__2-3__4-5__6__7__8__9__10-11__12__13-14__15,0.8226995309660046,0.8524624174857801,0.8278797692602616,0
0__1__2-3__4-5__6__7__8__9__10-11__12__13__14-15,0.7975804537738638,0.8271768179761447,0.8079549206092796,2
0__1__2-3__4-5__6__7__8__9__10__11-12__13-14__15,0.7968794612008221,0.8269414297137434,0.7957850407518107,2
0__1__2-3__4-5__6__7__8__9__10__11-12__13__14-15,0.7717058110912989,0.799534555283047,0.7759781062638551,4
0__1__2-3__4-5__6__7__8__9__10__11__12-13__14-15,0.7667529431489442,0.7938924355234948,0.7666225553603663,0
0__1__2-3__4__5-6__7-8__9-10__11__12__13__14__15,0.7068631180570275,0.7065348853861526,0.7049858600525811,0
0__1__2-3__4__5-6__7-8__9__10-11__12__13__14__15,0.7718771270759408,0.7713085819576149,0.7727385371138202,2
0__1__2-3__4__5-6__7-8__9__10__11-12__13__14__15,0.753353214450363,0.7465717117192846,0.7547202735002949,1
0__1__2-3__4__5-6__7-8__9__10__11__12-13__14__15,0.7669566518983064,0.7346292260753912,0.7683961763472381,3
0__1__2-3__4__5-6__7-8__9__10__11__12__13-14__15,0.7066002665843198,0.6923846915252176,0.7072313479879109,2
0__1__2-3__4__5-6__7-8__9__10__11__12__13__14-15,0.6839623096984386,0.6689504952021024,0.6844368283365961,2
0__1__2-3__4__5-6__7__8-9__10-11__12__13__14__15,0.755478135068862,0.7652692422171383,0.7549429071224036,2
0__1__2-3__4__5-6__7__8-9__10__11-12__13__14__15,0.7354148224302053,0.7354520758965369,0.7346921566413032,3
0__1__2-3__4__5-6__7__8-9__10__11__12-13__14__15,0.7494445839935038,0.7276751744740722,0.750280249300513,3
0__1__2-3__4__5-6__7__8-9__10__11__12__13-14__15,0.6920876363155779,0.6863453517847411,0.6915404861485775,2
0__1__2-3__4__5-6__7__8-9__10__11__12__13__14-15,0.6704553770063439,0.6619664503411627,0.6744938629231569,3
0__1__2-3__4__5-6__7__8__9-10__11-12__13__14__15,0.7033766278540048,0.712867190406367,0.6998767658482167,0
0__1__2-3__4__5-6__7__8__9-10__11__12-13__14__15,0.7131907093909478,0.7043178299947475,0.7100622118789135,4
0__1__2-3__4__5-6__7__8__9-10__11__12__13-14__15,0.6698805463162572,0.6617719621287975,0.66809431566789,2
0__1__2-3__4__5-6__7__8__9-10__11__12__13__14-15,0.6473902486053493,0.6409680813476383,0.6514494235857444,3
0__1__2-3__4__5-6__7__8__9__10-11__12-13__14__15,0.7682195157249652,0.7713817586196311,0.765100762384372,3
0__1__2-3__4__5-6__7__8__9__10-11__12__13-14__15,0.7132651123017046,0.7251829477156089,0.7101235431039701,4
0__1__2-3__4__5-6__7__8__9__10-11__12__13__14-15,0.6863027989339967,0.70301432959282,0.6838952779686147,0
0__1__2-3__4__5-6__7__8__9__10__11-12__13-14__15,0.7021328258607626,0.6985684076892377,0.7023165424488426,1
0__1__2-3__4__5-6__7__8__9__10__11-12__13__14-15,0.6758535591155317,0.6767708293664961,0.6763261179273777,1
0__1__2-3__4__5-6__7__8__9__10__11__12-13__14-15,0.6825941562186468,0.6662669452251239,0.6808269171187044,4
0__1__2-3__4__5__6-7__8-9__10-11__12__13__14__15,0.7122551907775225,0.7359073889103532,0.7093503949122733,0
0__1__2-3__4__5__6-7__8-9__10__11-12__13__14__15,0.6984889346483518,0.7109787454099564,0.6954844942932401,2
0__1__2-3__4__5__6-7__8-9__10__11__12-13__14__15,0.738612066382653,0.7010759232977926,0.7446136106536062,0
0__1__2-3__4__5__6-7__8-9__10__11__12__13-14__15,0.6701271923173326,0.6526324462731355,0.6719316300146776,1
0__1__2-3__4__5__6-7__8-9__10__11__12__13__14-15,0.6315146690473066,0.6291331816736958,0.6278381353921054,4
0__1__2-3__4__5__6-7__8__9-10__11-12__13__14__15,0.6863227021076579,0.6838312141532438,0.6860609147218037,1
0__1__2-3__4__5__6-7__8__9-10__11__12-13__14__15,0.7217890719864029,0.674222777459539,0.7284589381466804,1
0__1__2-3__4__5__6-7__8__9-10__11__12__13-14__15,0.6676327545971468,0.6292723320278323,0.6717307324607176,1
0__1__2-3__4__5__6-7__8__9-10__11__12__13__14-15,0.628320705156522,0.605907861369172,0.6287287732693057,4
0__1__2-3__4__5__6-7__8__9__10-11__12-13__14__15,0.7661685141883172,0.7427260429775884,0.7653408525204751,2
0__1__2-3__4__5__6-7__8__9__10-11__12__13-14__15,0.6975529578424267,0.6925125380587283,0.6963510767515166,1
0__1__2-3__4__5__6-7__8__9__10-11__12__13__14-15,0.6522998567433884,0.6745921256018254,0.6448155860593776,3
0__1__2-3__4__5__6-7__8__9__10__11-12__13-14__15,0.6882366416274861,0.6727742155716263,0.6936047478643819,2
0__1__2-3__4__5__6-7__8__9__10__11-12__13__14-15,0.6471273509871107,0.6441075221491389,0.6446970930286527,0
0__1__2-3__4__5__6-7__8__9__10__11__12-13__14-15,0.6776596308919807,0.6361592211578905,0.6812994310204334,3
0__1__2-3__4__5__6__7-8__9-10__11-12__13__14__15,0.8056557395241475,0.8157845656711057,0.8059516962585176,1
0__1__2-3__4__5__6__7-8__9-10__11__12-13__14__15,0.8434965743347345,0.8073503290841261,0.8436413551446753,2
0__1__2-3__4__5__6__7-8__9-10__11__12__13-14__15,0.7832429588481942,0.7612256835456942,0.7824163757526839,1
0__1__2-3__4__5__6__7-8__9-10__11__12__13__14-15,0.7302857894934753,0.7405255422001492,0.7315275556191664,3
0__1__2-3__4__5__6__7-8__9__10-11__12-13__14__15,0.9111169430983495,0.8694163350082968,0.9080162548810802,1
0__1__2-3__4__5__6__7-8__9__10-11__12__13-14__15,0.8321212249300931,0.8276471287343141,0.8348761451027313,0
0__1__2-3__4__5__6__7-8__9__10-11__12__13__14-15,0.7726351378134151,0.8026683112538487,0.7731807671981996,1
0__1__2-3__4__5__6__7-8__9__10__11-12__13-14__15,0.8171651039421848,0.7981342082653373,0.8231130230804926,0
0__1__2-3__4__5__6__7-8__9__10__11-12__13__14-15,0.7639023789212853,0.7745744923177627,0.7633131517021354,3
0__1__2-3__4__5__6__7-8__9__10__11__12-13__14-15,0.7962166831873265,0.7690771467720288,0.799206437805883,0
0__1__2-3__4__5__6__7__8-9__10-11__12-13__14__15,0.8822488136888129,0.8610044649617921,0.8789351539638524,1
0__1__2-3__4__5__6__7__8-9__10-11__12__13-14__15,0.8090763814521562,0.8197961072781917,0.8077549273086233,4
0__1__2-3__4__5__6__7__8-9__10-11__12__13__14-15,0.7511133243378074,0.7982764437379136,0.7539942109541645,3
0__1__2-3__4__5__6__7__8-9__10__11-12__13-14__15,0.7950301128398634,0.7923661176063067,0.7937104392213928,4
0__1__2-3__4__5__6__7__8-9__10__11-12__13__14-15,0.7405056697066108,0.7732177158645828,0.739176620953148,2
0__1__2-3__4__5__6__7__8-9__10__11__12-13__14-15,0.7761300498089829,0.7608801047877067,0.7736937541967818,4
0__1__2-3__4__5__6__7__8__9-10__11-12__13-14__15,0.7832152370367114,0.7690857415139752,0.7824796045028094,3
0__1__2-3__4__5__6__7__8__9-10__11-12__13__14-15,0.7290355350498112,0.7459836833183173,0.72978575548063,1
0__1__2-3__4__5__6__7__8__9-10__11__12-13__14-15,0.7591171115491164,0.7376547844831828,0.7580670518281348,4
0__1__2-3__4__5__6__7__8__9__10-11__12-13__14-15,0.7922742625485419,0.8049650134322147,0.7904306726253044,2
0__1__2__3-4__5-6__7-8__9-10__11__12__13__14__15,0.7173790996957967,0.7341212220568039,0.7156677672948134,1
0__1__2__3-4__5-6__7-8__9__10-11__12__13__14__15,0.7925345648302242,0.7931797459923369,0.7914603691556235,2
0__1__2__3-4__5-6__7-8__9__10__11-12__13__14__15,0.773914666702554,0.7695101614068203,0.7735524344928868,2
0__1__2__3-4__5-6__7-8__9__10__11__12-13__14__15,0.7694986614663577,0.7621261220044274,0.7692254545901974,0
0__1__2__3-4__5-6__7-8__9__10__11__12__13-14__15,0.7038872328205423,0.7178899023185651,0.7011422446645571,1
0__1__2__3-4__5-6__7-8__9__10__11__12__13__14-15,0.6903301683688792,0.6960923239958237,0.6893334803740285,1
0__1__2__3-4__5-6__7__8-9__10-11__12__13__14__15,0.7850952283611274,0.788949558041195,0.7841455186777678,1
0__1__2__3-4__5-6__7__8-9__10__11-12__13__14__15,0.7634669855775957,0.7614504202752386,0.7634235046659335,3
0__1__2__3-4__5-6__7__8-9__10__11__12-13__14__15,0.7594003001499265,0.7544987586399087,0.7593352795750375,2
0__1__2__3-4__5-6__7__8-9__10__11__12__13-14__15,0.6971734047868265,0.707164511167486,0.6960302211140259,4
0__1__2__3-4__5-6__7__8-9__10__11__12__13__14-15,0.6875908582208208,0.6876804539493188,0.6887523885048923,1
0__1__2__3-4__5-6__7__8__9-10__11-12__13__14__15,0.7324398824779399,0.7388974320104003,0.7342275790006083,2
0__1__2__3-4__5-6__7__8__9-10__11__12-13__14__15,0.7228611277694927,0.7292501238972734,0.723427881818105,4
0__1__2__3-4__5-6__7__8__9-10__11__12__13-14__15,0.6752573299501181,0.6894300955173959,0.6747290097284125,3
0__1__2__3-4__5-6__7__8__9-10__11__12__13__14-15,0.6659364840152326,0.6643203397040155,0.6693981852711027,1
0__1__2__3-4__5-6__7__8__9__10-11__12-13__14__15,0.7877238027511106,0.7952181192339757,0.7866143355338828,2
0__1__2__3-4__5-6__7__8__9__10-11__12__13-14__15,0.7271566899058177,0.7541350486564793,0.7255237065039735,3
0__1__2__3-4__5-6__7__8__9__10-11__12__13__14-15,0.7103481973254668,0.727391225729938,0.7119801193949559,0
0__1__2__3-4__5-6__7__8__9__10__11-12__13-14__15,0.7193822618337204,0.7234790456350093,0.7168428786072429,3
0__1__2__3-4__5-6__7__8__9__10__11-12__13__14-15,0.7019045928589644,0.7010153758439532,0.7040918941912062,3
0__1__2__3-4__5-6__7__8__9__10__11__12-13__14-15,0.6902464380012576,0.6925597601173773,0.6892384351035231,0
0__1__2__3-4__5__6-7__8-9__10-11__12__13__14__15,0.7289041298225829,0.7610255144118123,0.7319170532228602,3
0__1__2__3-4__5__6-7__8-9__10__11-12__13__14__15,0.7152620182242444,0.733068401123239,0.715366200414743,1
0__1__2__3-4__5__6-7__8-9__10__11__12-13__14__15,0.7409456995109194,0.7225926099678774,0.7451073197783381,3
0__1__2__3-4__5__6-7__8-9__10__11__12__13-14__15,0.6677038289701249,0.6786112140209547,0.66547413380839,0
0__1__2__3-4__5__6-7__8-9__10__11__12__13__14-15,0.6382329806554354,0.65487269767123,0.6346112051695083,0
0__1__2__3-4__5__6-7__8__9-10__11-12__13__14__15,0.7077986599762767,0.7076371011246092,0.709205493982994,4
0__1__2__3-4__5__6-7__8__9-10__11__12-13__14__15,0.7273132048277793,0.6993044567622998,0.7307702169975874,2
0__1__2__3-4__5__6-7__8__9-10__11__12__13-14__15,0.6688147639948605,0.655690049011241,0.6692003045929588,0
0__1__2__3-4__5__6-7__8__9-10__11__12__13__14-15,0.6402544951974933,0.6308401552716979,0.6387428777813645,4
0__1__2__3-4__5__6-7__8__9__10-11__12-13__14__15,0.779710449431299,0.7645972070123104,0.77660547386057,2
0__1__2__3-4__5__6-7__8__9__10-11__12__13-14__15,0.7056365362709913,0.7217358551049584,0.7040911153690451,0
0__1__2__3-4__5__6-7__8__9__10-11__12__13__14-15,0.6665780243635879,0.6970162060268706,0.6641354095130778,4
0__1__2__3-4__5__6-7__8__9__10__11-12__13-14__15,0.7002527925858635,0.693476967139697,0.7001604173849091,1
0__1__2__3-4__5__6-7__8__9__10__11-12__13__14-15,0.6650214605433966,0.6716793888169554,0.6634755736149196,1
0__1__2__3-4__5__6-7__8__9__10__11__12-13__14-15,0.6812071613785342,0.6622391202567979,0.6806181892252182,2
0__1__2__3-4__5__6__7-8__9-10__11-12__13__14__15,0.8323464160557483,0.8418886388628465,0.8337783109433684,4
0__1__2__3-4__5__6__7-8__9-10__11__12-13__14__15,0.8504974093954587,0.8328198241916708,0.8522874661044897,0
0__1__2__3-4__5__6__7-8__9-10__11__12__13-14__15,0.786469228339918,0.7871027562703862,0.7844452892572936,1
0__1__2__3-4__5__6__7-8__9-10__11__12__13__14-15,0.7456733460300482,0.7650916930099352,0.7455170312658848,4
0__1__2__3-4__5__6__7-8__9__10-11__12-13__14__15,0.9288476037839288,0.8945142433688588,0.9239007789391748,2
0__1__2__3-4__5__6__7-8__9__10-11__12__13-14__15,0.8442817013983852,0.8503429623012821,0.8438799664988652,1
0__1__2__3-4__5__6__7-8__9__10-11__12__13__14-15,0.7935554619991416,0.8312288397179343,0.7982940192965724,3
0__1__2__3-4__5__6__7-8__9__10__11-12__13-14__15,0.8327001061723847,0.8225111044024555,0.8345421906140065,0
0__1__2__3-4__5__6__7-8__9__10__11-12__13__14-15,0.7874911346510123,0.8038377540932229,0.7871283801302805,4
0__1__2__3-4__5__6__7-8__9__10__11__12-13__14-15,0.8011456617278903,0.7940243036411126,0.8010696867500632,1
0__1__2__3-4__5__6__7__8-9__10-11__12-13__14__15,0.9053785901148883,0.8915862146905756,0.9042065757406087,0
0__1__2__3-4__5__6__7__8-9__10-11__12__13-14__15,0.827494893954996,0.8447284011807177,0.8283085973287292,4
0__1__2__3-4__5__6__7__8-9__10-11__12__13__14-15,0.781854838802901,0.8187584644848215,0.7852029761862459,2
0__1__2__3-4__5__6__7__8-9__10__11-12__13-14__15,0.814825024889128,0.815231688807643,0.8147606870672195,0
0__1__2__3-4__5__6__7__8-9__10__11-12__13__14-15,0.771311618715437,0.7952208702883126,0.7736555230251324,1
0__1__2__3-4__5__6__7__8-9__10__11__12-13__14-15,0.7892236061692817,0.7861168168728697,0.7882969231745185,2
0__1__2__3-4__5__6__7__8__9-10__11-12__13-14__15,0.8083401066583384,0.7936583343657507,0.8066083018222636,1
0__1__2__3-4__5__6__7__8__9-10__11-12__13__14-15,0.7662834412657737,0.7703073588143474,0.7663626715523337,4
0__1__2__3-4__5__6__7__8__9-10__11__12-13__14-15,0.7772342042372955,0.7615434272169261,0.774193279363065,2
0__1__2__3-4__5__6__7__8__9__10-11__12-13__14-15,0.8152385415219845,0.8292992683983381,0.8146169831871168,0
0__1__2__3__4-5__6-7__8-9__10-11__12__13__14__15,0.8195305192225835,0.7845629792251559,0.820272658872912,4
0__1__2__3__4-5__6-7__8-9__10__11-12__13__14__15,0.754532944538493,0.7571329895532709,0.7585087228364583,4
0__1__2__3__4-5__6-7__8-9__10__11__12-13__14__15,0.7308297166609927,0.7556974819851272,0.7272767247147695,0
0__1__2__3__4-5__6-7__8-9__10__11__12__13-14__15,0.7048329882840836,0.7061137151968898,0.7063260592301082,1
0__1__2__3__4-5__6-7__8-9__10__11__12__13__14-15,0.7159944564133216,0.6820528714974768,0.7228641455504438,2
0__1__2__3__4-5__6-7__8__9-10__11-12__13__14__15,0.7370178408170611,0.733907669248747,0.7391384764941631,4
0__1__2__3__4-5__6-7__8__9-10__11__12-13__14__15,0.7052320553060847,0.7327763169754136,0.7014275241613459,0
0__1__2__3__4-5__6-7__8__9-10__11__12__13-14__15,0.696315204642735,0.6808764557857968,0.697158511250814,4
0__1__2__3__4-5__6-7__8__9-10__11__12__13__14-15,0.7095929138355128,0.6571107233958355,0.7124240094658837,4
0__1__2__3__4-5__6-7__8__9__10-11__12-13__14__15,0.7744991940137576,0.7988221230691309,0.7774128567976814,0
0__1__2__3__4-5__6-7__8__9__10-11__12__13-14__15,0.75334065773853,0.751980517655175,0.7587303925398515,0
0__1__2__3__4-5__6-7__8__9__10-11__12__13__14-15,0.7586716841159795,0.7282420013054504,0.7655594914979642,0
0__1__2__3__4-5__6-7__8__9__10__11-12__13-14__15,0.7059952156984215,0.7210811633387593,0.7039169763884717,1
0__1__2__3__4-5__6-7__8__9__10__11-12__13__14-15,0.7088733330033978,0.6958567844791234,0.7145858089805812,4
0__1__2__3__4-5__6-7__8__9__10__11__12-13__14-15,0.6755334652763656,0.6901305844795922,0.6758665369575275,2
0__1__2__3__4-5__6__7-8__9-10__11-12__13__14__15,0.873184019985553,0.8660850203680774,0.8695676026079434,2
0__1__2__3__4-5__6__7-8__9-10__11__12-13__14__15,0.8304249949003131,0.8617605884461849,0.8346288393633542,3
0__1__2__3__4-5__6__7-8__9-10__11__12__13-14__15,0.824040676258643,0.8185155341043315,0.8221591276012655,3
0__1__2__3__4-5__6__7-8__9-10__11__12__13__14-15,0.8335672734653032,0.7924843649782068,0.8280395582769304,0
0__1__2__3__4-5__6__7-8__9__10-11__12-13__14__15,0.9323410936581187,0.9291102928356048,0.9348251471400603,0
0__1__2__3__4-5__6__7-8__9__10-11__12__13-14__15,0.9099829059425568,0.8761234647712075,0.9079790824681447,2
0__1__2__3__4-5__6__7-8__9__10-11__12__13__14-15,0.9135934791490365,0.856149580177603,0.9040123684549978,1
0__1__2__3__4-5__6__7-8__9__10__11-12__13-14__15,0.8457652499365782,0.8525644842219449,0.8467275197188652,3
0__1__2__3__4-5__6__7-8__9__10__11-12__13__14-15,0.8478544539137438,0.8312369365338798,0.8434524493130126,1
0__1__2__3__4-5__6__7-8__9__10__11__12-13__14-15,0.8029136676359503,0.8236987054593635,0.8033236195982875,0
0__1__2__3__4-5__6__7__8-9__10-11__12-13__14__15,0.9265881344486662,0.9144857338855463,0.9318549531477986,1
0__1__2__3__4-5__6__7__8-9__10-11__12__13-14__15,0.9120334609396181,0.8695352884538396,0.909974142890532,1
0__1__2__3__4-5__6__7__8-9__10-11__12__13__14-15,0.9256686274024162,0.847233236914894,0.9082457685010588,4
0__1__2__3__4-5__6__7__8-9__10__11-12__13-14__15,0.8435143459577361,0.8464145404452144,0.8447796141741138,2
0__1__2__3__4-5__6__7__8-9__10__11-12__13__14-15,0.8512700711061063,0.8228250664873749,0.8472026047609642,1
0__1__2__3__4-5__6__7__8-9__10__11__12-13__14-15,0.8064738284807405,0.8120829668143703,0.8059393929477006,4
0__1__2__3__4-5__6__7__8__9-10__11-12__13-14__15,0.8246063962360282,0.8218411507892708,0.8235878165787616,2
0__1__2__3__4-5__6__7__8__9-10__11-12__13__14-15,0.8346705427384213,0.7984069544661555,0.8271284975783925,2
0__1__2__3__4-5__6__7__8__9-10__11__12-13__14-15,0.7803736133892398,0.7888576465098464,0.7819441987919837,4
0__1__2__3__4-5__6__7__8__9__10-11__12-13__14-15,0.8412164826080826,0.8547276416897309,0.8488637256393119,2
0__1__2__3__4__5-6__7-8__9-10__11-12__13__14__15,0.7433171910857412,0.745083605627537,0.7441561181394306,3
0__1__2__3__4__5-6__7-8__9-10__11__12-13__14__15,0.7192895344858181,0.7359428433851942,0.7215331857419022,1
0__1__2__3__4__5-6__7-8__9-10__11__12__13-14__15,0.6948390142192817,0.6909923979534875,0.6941183340427249,1
0__1__2__3__4__5-6__7-8__9-10__11__12__13__14-15,0.6931516753613423,0.6667747934349713,0.6933383291831576,0
0__1__2__3__4__5-6__7-8__9__10-11__12-13__14__15,0.8016349964011331,0.7991830494160902,0.8058342995696413,1
0__1__2__3__4__5-6__7-8__9__10-11__12__13-14__15,0.764803890142506,0.7557567146499226,0.7663343331967853,4
0__1__2__3__4__5-6__7-8__9__10-11__12__13__14-15,0.7584177280101612,0.7291429665276404,0.7568924380350547,2
0__1__2__3__4__5-6__7-8__9__10__11-12__13-14__15,0.7250861068158789,0.7293199603406602,0.7266495052110615,1
0__1__2__3__4__5-6__7-8__9__10__11-12__13__14-15,0.7196920540325804,0.7033076790597119,0.718307359900295,0
0__1__2__3__4__5-6__7-8__9__10__11__12-13__14-15,0.6933014273993079,0.6979891339161279,0.6911495886641114,0
0__1__2__3__4__5-6__7__8-9__10-11__12-13__14__15,0.7959144914837761,0.7907711793695853,0.8025606703141528,1
0__1__2__3__4__5-6__7__8-9__10-11__12__13-14__15,0.7648415518879075,0.745451639675571,0.7648343824687903,4
0__1__2__3__4__5-6__7__8-9__10-11__12__13__14-15,0.7663047134235343,0.7231036267871639,0.7603084472592195,2
0__1__2__3__4__5-6__7__8-9__10__11-12__13-14__15,0.7227287008149412,0.7211565483795132,0.7235555762195598,3
0__1__2__3__4__5-6__7__8-9__10__11-12__13__14-15,0.7213935115586745,0.6942559176137247,0.7211714731763382,4
0__1__2__3__4__5-6__7__8-9__10__11__12-13__14-15,0.6944861458659988,0.686535637185086,0.6938928768564572,4
0__1__2__3__4__5-6__7__8__9-10__11-12__13-14__15,0.6972869843215417,0.698294848868819,0.6987423978492131,2
0__1__2__3__4__5-6__7__8__9-10__11-12__13__14-15,0.6951811800720868,0.6731070984551857,0.6967526221654678,0
0__1__2__3__4__5-6__7__8__9-10__11__12-13__14-15,0.6640567490548799,0.6633103168805621,0.6639049934141129,4
0__1__2__3__4__5-6__7__8__9__10-11__12-13__14-15,0.7126324277003375,0.7311813397692792,0.7146558716296869,2
0__1__2__3__4__5__6-7__8-9__10-11__12-13__14__15,0.7654434378429125,0.7598026660953526,0.7685095978404684,1
0__1__2__3__4__5__6-7__8-9__10-11__12__13-14__15,0.7186504706143166,0.7198858133088966,0.7171096113261686,0
0__1__2__3__4__5__6-7__8-9__10-11__12__13__14-15,0.6909924462393935,0.6923526040843069,0.6890830119636477,4
0__1__2__3__4__5__6-7__8-9__10__11-12__13-14__15,0.6827204276389738,0.6922473263030973,0.6831732531707495,2
0__1__2__3__4__5__6-7__8-9__10__11-12__13__14-15,0.6582909133776891,0.6681419986971812,0.6561471851347948,1
0__1__2__3__4__5__6-7__8-9__10__11__12-13__14-15,0.6630718085772829,0.6585335620034763,0.6625579590252301,1
0__1__2__3__4__5__6-7__8__9-10__11-12__13-14__15,0.678919069228634,0.6690772705010923,0.6810464811154808,3
0__1__2__3__4__5__6-7__8__9-10__11-12__13__14-15,0.6542957926775355,0.6437132114804814,0.6550450587187396,0
0__1__2__3__4__5__6-7__8__9-10__11__12-13__14-15,0.6549218551620823,0.6351734477581731,0.6548592251132748,1
0__1__2__3__4__5__6-7__8__9__10-11__12-13__14-15,0.6897578761491374,0.7035416524266549,0.6874037909184075,3
0__1__2__3__4__5__6__7-8__9-10__11-12__13-14__15,0.7978237372106589,0.7997145642360964,0.7973928738222873,4
0__1__2__3__4__5__6__7-8__9-10__11-12__13__14-15,0.7649660902871647,0.7741567766805867,0.76108311434446,2
0__1__2__3__4__5__6__7-8__9-10__11__12-13__14-15,0.7615835002440514,0.7694750690249788,0.7591695667203067,3
0__1__2__3__4__5__6__7-8__9__10-11__12-13__14-15,0.8184127844906506,0.8347286421970888,0.8198627626824726,0
0__1__2__3__4__5__6__7__8-9__10-11__12-13__14-15,0.8085894505415956,0.8219551352604261,0.8126852694642082,1
