split,boundary_index,offset,candidate_id,delta_nll,nll,first_difference_from_previous,second_difference_centered
discovery,1,-40,boundary-01-offset--040,0.048573213355399325,4.257848272109195,,
discovery,1,-30,boundary-01-offset--030,0.03065146635471372,4.239926525108509,-0.017921747000685606,-0.000581160085759258
discovery,1,-20,boundary-01-offset--020,0.012148559268268855,4.221423618022064,-0.018502907086444864,0.00963476885798542
discovery,1,-10,boundary-01-offset--010,0.0032804210398094114,4.212555479793605,-0.008868138228459443,0.005587717188650032
discovery,1,0,native-h8,0.0,4.2092750587537955,-0.0032804210398094114,0.00510997529836299
discovery,1,10,boundary-01-offset-+010,0.0018295542585535784,4.211104613012349,0.0018295542585535784,0.002368394230817472
discovery,1,20,boundary-01-offset-+020,0.006027502747924629,4.21530256150172,0.004197948489371051,0.00809282338281303
discovery,1,30,boundary-01-offset-+030,0.01831827462010871,4.227593333373904,0.01229077187218408,0.016075812942936807
discovery,1,40,boundary-01-offset-+040,0.0466848594352296,4.255959918189025,0.028366584815120888,
confirmation,1,-40,boundary-01-offset--040,0.04966451368956548,4.199015430924014,,
confirmation,1,-30,boundary-01-offset--030,0.031110897791350567,4.180461815025799,-0.018553615898214915,-0.0002044447472826505
confirmation,1,-20,boundary-01-offset--020,0.012352837145853002,4.1617037543803015,-0.018758060645497565,0.009720765483926641
confirmation,1,-10,boundary-01-offset--010,0.0033155419842820777,4.152666459218731,-0.009037295161570924,0.005721753177288846
confirmation,1,0,native-h8,0.0,4.1493509172344485,-0.0033155419842820777,0.005055634506986095
confirmation,1,10,boundary-01-offset-+010,0.0017400925227040176,4.1510910097571525,0.0017400925227040176,0.0023612631148024477
confirmation,1,20,boundary-01-offset-+020,0.005841448160210483,4.155192365394659,0.004101355637506465,0.008084388072889581
confirmation,1,30,boundary-01-offset-+030,0.01802719187060653,4.167378109105055,0.012185743710396046,0.01622262052310397
confirmation,1,40,boundary-01-offset-+040,0.046435556104106546,4.195786473338555,0.028408364233500016,
discovery,2,-40,boundary-02-offset--040,0.06790009784791717,4.277175156601713,,
discovery,2,-30,boundary-02-offset--030,0.030115962378091332,4.239391021131887,-0.03778413546982584,0.013557992023455867
discovery,2,-20,boundary-02-offset--020,0.005889818931721358,4.215164877685517,-0.024226143446369974,0.019869314960021534
discovery,2,-10,boundary-02-offset--010,0.001532990445372917,4.210808049199168,-0.004356828486348441,0.0028238380409755237
discovery,2,0,native-h8,0.0,4.2092750587537955,-0.001532990445372917,0.00907703392200343
discovery,2,10,boundary-02-offset-+010,0.007544043476630513,4.216819102230426,0.007544043476630513,0.004387475178738498
discovery,2,20,boundary-02-offset-+020,0.019475562131999524,4.228750620885795,0.011931518655369011,0.01015321763263266
discovery,2,30,boundary-02-offset-+030,0.041560298420001196,4.250835357173797,0.022084736288001672,0.0059128366956962
discovery,2,40,boundary-02-offset-+040,0.06955787140369907,4.2788329301574946,0.02799757298369787,
confirmation,2,-40,boundary-02-offset--040,0.06984112246411822,4.219192039698567,,
confirmation,2,-30,boundary-02-offset--030,0.030580302021254724,4.179931219255703,-0.0392608204428635,0.014510049847912931
confirmation,2,-20,boundary-02-offset--020,0.0058295314263041575,4.155180448660753,-0.024750770594950566,0.020411386051718772
confirmation,2,-10,boundary-02-offset--010,0.001490146883072363,4.150841064117521,-0.004339384543231795,0.0028492376601594316
confirmation,2,0,native-h8,0.0,4.1493509172344485,-0.001490146883072363,0.009164367836125287
confirmation,2,10,boundary-02-offset-+010,0.007674220953052924,4.157025138187501,0.007674220953052924,0.004508244094028946
confirmation,2,20,boundary-02-offset-+020,0.019856686000134793,4.169207603234583,0.01218246504708187,0.011122451383229759
confirmation,2,30,boundary-02-offset-+030,0.04316160243044642,4.192512519664895,0.02330491643031163,0.005204210066958481
confirmation,2,40,boundary-02-offset-+040,0.07167072892771653,4.221021646162165,0.02850912649727011,
discovery,3,-40,boundary-03-offset--040,0.05147915408525083,4.260754212839046,,
discovery,3,-30,boundary-03-offset--030,0.0320867830241065,4.241361841777902,-0.01939237106114433,0.003806634848884549
discovery,3,-20,boundary-03-offset--020,0.01650104681184672,4.225776105565642,-0.015585736212259782,0.005065450920038295
discovery,3,-10,boundary-03-offset--010,0.005980761519625233,4.215255820273421,-0.010520285292221487,0.0045395237725962545
discovery,3,0,native-h8,0.0,4.2092750587537955,-0.005980761519625233,0.008215519223628398
discovery,3,10,boundary-03-offset-+010,0.002234757704003165,4.211509816457799,0.002234757704003165,0.007976684868626904
discovery,3,20,boundary-03-offset-+020,0.012446200276633235,4.221721259030429,0.01021144257263007,0.005502850895170219
discovery,3,30,boundary-03-offset-+030,0.028160493744433523,4.237435552498229,0.01571429346780029,-0.0007894875833125425
discovery,3,40,boundary-03-offset-+040,0.04308529962892127,4.252360358382717,0.014924805884487746,
confirmation,3,-40,boundary-03-offset--040,0.05321590781561447,4.202566825050063,,
confirmation,3,-30,boundary-03-offset--030,0.03319080927038698,4.1825417265048355,-0.020025098545227493,0.004015599061550468
confirmation,3,-20,boundary-03-offset--020,0.017181309786709953,4.166532227021158,-0.016009499483677025,0.004994562993650753
confirmation,3,-10,boundary-03-offset--010,0.00616637329668368,4.155517290531132,-0.011014936490026273,0.004848563193342592
confirmation,3,0,native-h8,0.0,4.1493509172344485,-0.00616637329668368,0.008272073136047275
confirmation,3,10,boundary-03-offset-+010,0.002105699839363595,4.151456617073812,0.002105699839363595,0.008265521402815779
confirmation,3,20,boundary-03-offset-+020,0.012476921081542969,4.1618278383159915,0.010371221242179374,0.005663921639600389
confirmation,3,30,boundary-03-offset-+030,0.02851206396332273,4.177862981197771,0.016035142881779763,-0.0009218166534044059
confirmation,3,40,boundary-03-offset-+040,0.04362539019169809,4.192976307426147,0.015113326228375357,
discovery,4,-40,boundary-04-offset--040,0.044984535504413614,4.254259594258209,,
discovery,4,-30,boundary-04-offset--030,0.023329836881755384,4.232604895635551,-0.02165469862265823,0.011807674769666043
discovery,4,-20,boundary-04-offset--020,0.013482813028763196,4.222757871782559,-0.009847023852992187,-0.0017481390914850792
discovery,4,-10,boundary-04-offset--010,0.00188765008428593,4.211162708838081,-0.011595162944477266,0.009707512860191336
discovery,4,0,native-h8,0.0,4.2092750587537955,-0.00188765008428593,0.007502265456602153
discovery,4,10,boundary-04-offset-+010,0.005614615372316223,4.214889674126112,0.005614615372316223,0.00914317538428211
discovery,4,20,boundary-04-offset-+020,0.020372406128914555,4.22964746488271,0.014757790756598332,0.013494699465097959
discovery,4,30,boundary-04-offset-+030,0.04862489635061085,4.257899955104406,0.02825249022169629,0.006675989630169354
discovery,4,40,boundary-04-offset-+040,0.08355337620247649,4.292828434956272,0.034928479851865646,
confirmation,4,-40,boundary-04-offset--040,0.04710352618906377,4.196454443423512,,
confirmation,4,-30,boundary-04-offset--030,0.024333875549853445,4.173684792784302,-0.022769650639210326,0.012470532489079034
confirmation,4,-20,boundary-04-offset--020,0.014034757399722153,4.163385674634171,-0.010299118150131292,-0.0017612863728952988
confirmation,4,-10,boundary-04-offset--010,0.001974352876695562,4.151325270111144,-0.012060404523026591,0.010086051646331029
confirmation,4,0,native-h8,0.0,4.1493509172344485,-0.001974352876695562,0.007678229088658561
confirmation,4,10,boundary-04-offset-+010,0.005703876211962999,4.1550547934464115,0.005703876211962999,0.009559396891066108
confirmation,4,20,boundary-04-offset-+020,0.020967149314992106,4.170318066549441,0.015263273103029107,0.014310863360632808
confirmation,4,30,boundary-04-offset-+030,0.05054128577865402,4.1998922030131025,0.029574136463661915,0.006457428079196248
confirmation,4,40,boundary-04-offset-+040,0.08657285032151218,4.235923767555961,0.03603156454285816,
discovery,5,-40,boundary-05-offset--040,0.06441131062288541,4.273686369376681,,
discovery,5,-30,boundary-05-offset--030,0.027399023956567348,4.236674082710363,-0.03701228666631806,0.018146048309982454
discovery,5,-20,boundary-05-offset--020,0.00853278560023174,4.217807844354027,-0.018866238356335607,0.01361163084341488
discovery,5,-10,boundary-05-offset--010,0.0032781780873110122,4.2125532368411065,-0.005254607512920728,0.001976429425609716
discovery,5,0,native-h8,0.0,4.2092750587537955,-0.0032781780873110122,0.0050518379882635855
discovery,5,10,boundary-05-offset-+010,0.0017736599009525733,4.211048718654748,0.0017736599009525733,0.006324860357469042
discovery,5,20,boundary-05-offset-+020,0.009872180159374189,4.21914723891317,0.008098520258421615,0.00696638485786405
discovery,5,30,boundary-05-offset-+030,0.024937085275659854,4.234212144029455,0.015064905116285665,0.013647314390478726
discovery,5,40,boundary-05-offset-+040,0.053649304782424245,4.26292436353622,0.02871221950676439,
confirmation,5,-40,boundary-05-offset--040,0.06514481948151563,4.214495736715964,,
confirmation,5,-30,boundary-05-offset--030,0.027197942239681083,4.17654885947413,-0.03794687724183454,0.019296170679356628
confirmation,5,-20,boundary-05-offset--020,0.008547235677203169,4.157898152911652,-0.018650706562477914,0.01333799763042709
confirmation,5,-10,boundary-05-offset--010,0.003234526745152344,4.152585443979601,-0.005312708932050825,0.0020781821868984807
confirmation,5,0,native-h8,0.0,4.1493509172344485,-0.003234526745152344,0.005034709606003496
confirmation,5,10,boundary-05-offset-+010,0.0018001828608511516,4.1511511000953,0.0018001828608511516,0.006778597715196177
confirmation,5,20,boundary-05-offset-+020,0.01037896343689848,4.159729880671347,0.008578780576047329,0.007221506254881049
confirmation,5,30,boundary-05-offset-+030,0.02617925026782686,4.175530167502275,0.01580028683092838,0.014811674287708243
confirmation,5,40,boundary-05-offset-+040,0.05679121138646348,4.206142128620912,0.03061196111863662,
discovery,6,-40,boundary-06-offset--040,0.0786057241035234,4.287880782857319,,
discovery,6,-30,boundary-06-offset--030,0.04398110092327201,4.2532561596770675,-0.03462462318025139,0.006739513848417644
discovery,6,-20,boundary-06-offset--020,0.016095991591438263,4.225371050345234,-0.027885109331833746,0.015518342761116521
discovery,6,-10,boundary-06-offset--010,0.0037292250207210387,4.2130042837745165,-0.012366766570717225,0.008637541549996186
discovery,6,0,native-h8,0.0,4.2092750587537955,-0.0037292250207210387,0.007030438118317051
discovery,6,10,boundary-06-offset-+010,0.003301213097596012,4.2125762718513915,0.003301213097596012,0.010143281427645867
discovery,6,20,boundary-06-offset-+020,0.01674570762283789,4.226020766376633,0.013444494525241879,0.007851949768215682
discovery,6,30,boundary-06-offset-+030,0.03804215191629545,4.247317210670091,0.02129644429345756,0.002672140898941855
discovery,6,40,boundary-06-offset-+040,0.06201073710869487,4.27128579586249,0.023968585192399416,
confirmation,6,-40,boundary-06-offset--040,0.07937299284650656,4.228723910080955,,
confirmation,6,-30,boundary-06-offset--030,0.04417972014679883,4.193530637381247,-0.035193272699707734,0.007318509289245156
confirmation,6,-20,boundary-06-offset--020,0.01630495673633625,4.165655873970785,-0.027874763410462577,0.01506679941365796
confirmation,6,-10,boundary-06-offset--010,0.0034969927395316347,4.15284790997398,-0.012807963996804617,0.009310971257272982
confirmation,6,0,native-h8,0.0,4.1493509172344485,-0.0034969927395316347,0.00677872030383142
confirmation,6,10,boundary-06-offset-+010,0.0032817275642997856,4.152632644798748,0.0032817275642997856,0.010134831668112021
confirmation,6,20,boundary-06-offset-+020,0.016698286796711592,4.16604920403116,0.013416559232411807,0.008562433405006509
confirmation,6,30,boundary-06-offset-+030,0.03867727943412991,4.188028196668578,0.021978992637418315,0.003061843174759993
confirmation,6,40,boundary-06-offset-+040,0.06371811524630822,4.213069032480757,0.025040835812178308,
discovery,7,-40,boundary-07-offset--040,0.0706456376427198,4.279920696396515,,
discovery,7,-30,boundary-07-offset--030,0.03544217610289291,4.244717234856688,-0.0352034615398269,0.013051921438028913
discovery,7,-20,boundary-07-offset--020,0.013290636001094924,4.22256569475489,-0.022151540101797984,0.011899556116158116
discovery,7,-10,boundary-07-offset--010,0.0030386520154550567,4.2123137107692505,-0.010251983985639868,0.007213331970184811
discovery,7,0,native-h8,0.0,4.2092750587537955,-0.0030386520154550567,0.00482450925243505
discovery,7,10,boundary-07-offset-+010,0.001785857236979993,4.2110609159907755,0.001785857236979993,0.002314833252310855
discovery,7,20,boundary-07-offset-+020,0.005886547726270841,4.215161606480066,0.004100690489290848,0.012447540827627002
discovery,7,30,boundary-07-offset-+030,0.02243477904318869,4.231709837796984,0.01654823131691785,0.015619637796023156
discovery,7,40,boundary-07-offset-+040,0.054602648156129696,4.263877706909925,0.032167869112941005,
confirmation,7,-40,boundary-07-offset--040,0.07257220891913363,4.221923126153582,,
confirmation,7,-30,boundary-07-offset--030,0.03611515321107017,4.185466070445519,-0.03645705570806346,0.013968997220722201
confirmation,7,-20,boundary-07-offset--020,0.013627094723728916,4.162978011958177,-0.022488058487341256,0.012016319692542687
confirmation,7,-10,boundary-07-offset--010,0.003155355928930348,4.152506273163379,-0.010471738794798569,0.007316382865868221
confirmation,7,0,native-h8,0.0,4.1493509172344485,-0.003155355928930348,0.004894570288187516
confirmation,7,10,boundary-07-offset-+010,0.0017392143592571685,4.151090131593706,0.0017392143592571685,0.002372317067107055
confirmation,7,20,boundary-07-offset-+020,0.005850745785621392,4.15520166302007,0.004111531426364223,0.013061687510499631
confirmation,7,30,boundary-07-offset-+030,0.023023964722485246,4.172374881956934,0.017173218936863854,0.016524058516307782
confirmation,7,40,boundary-07-offset-+040,0.05672124217565688,4.206072159410105,0.03369727745317164,
