choice_rank,mixed_rank,partition_id,nll,delta_nll_vs_native_h16,merged_boundaries,routing_groups,segment_widths
1,0,native_h16,4.36591859810047,0.0,[],16,"[80, 80, 80, 80, 80, 80, 80, 80, 80, 80, 80, 80, 80, 80, 80, 80]"
2,1,0__1__2-3__4__5__6-7__8__9-10__11__12__13__14-15,4.994239303256992,0.628320705156522,"[2, 6, 9, 14]",12,"[80, 80, 160, 80, 80, 160, 80, 160, 80, 80, 80, 160]"
3,2,0__1__2-3__4__5__6-7__8-9__10__11__12__13__14-15,4.997433267147777,0.6315146690473066,"[2, 6, 8, 14]",12,"[80, 80, 160, 80, 80, 160, 160, 80, 80, 80, 80, 160]"
4,3,0__1__2__3-4__5__6-7__8-9__10__11__12__13__14-15,5.004151578755906,0.6382329806554354,"[3, 6, 8, 14]",12,"[80, 80, 80, 160, 80, 160, 160, 80, 80, 80, 80, 160]"
5,4,0__1__2__3-4__5__6-7__8__9-10__11__12__13__14-15,5.006173093297964,0.6402544951974933,"[3, 6, 9, 14]",12,"[80, 80, 80, 160, 80, 160, 80, 160, 80, 80, 80, 160]"
6,5,0__1__2-3__4__5__6-7__8__9__10__11-12__13__14-15,5.013045949087581,0.6471273509871107,"[2, 6, 11, 14]",12,"[80, 80, 160, 80, 80, 160, 80, 80, 80, 160, 80, 160]"
7,6,0__1__2-3__4__5-6__7__8__9-10__11__12__13__14-15,5.0133088467058196,0.6473902486053493,"[2, 5, 9, 14]",12,"[80, 80, 160, 80, 160, 80, 80, 160, 80, 80, 80, 160]"
8,7,0__1__2-3__4__5__6-7__8__9__10-11__12__13__14-15,5.018218454843859,0.6522998567433884,"[2, 6, 10, 14]",12,"[80, 80, 160, 80, 80, 160, 80, 80, 160, 80, 80, 160]"
9,8,0__1__2__3__4__5__6-7__8__9-10__11-12__13__14-15,5.020214390778006,0.6542957926775355,"[6, 9, 11, 14]",12,"[80, 80, 80, 80, 80, 80, 160, 80, 160, 160, 80, 160]"
10,9,0__1__2__3__4__5__6-7__8__9-10__11__12-13__14-15,5.020840453262553,0.6549218551620823,"[6, 9, 12, 14]",12,"[80, 80, 80, 80, 80, 80, 160, 80, 160, 80, 160, 160]"
11,10,0__1__2-3__4-5__6-7__8__9__10__11__12__13__14-15,5.022822088743118,0.6569034906426481,"[2, 4, 6, 14]",12,"[80, 80, 160, 160, 160, 80, 80, 80, 80, 80, 80, 160]"
12,11,0__1__2__3__4__5__6-7__8-9__10__11-12__13__14-15,5.024209511478159,0.6582909133776891,"[6, 8, 11, 14]",12,"[80, 80, 80, 80, 80, 80, 160, 160, 80, 160, 80, 160]"
13,12,0-1__2__3__4__5__6-7__8__9-10__11__12__13__14-15,5.028463134318153,0.6625445362176832,"[0, 6, 9, 14]",12,"[160, 80, 80, 80, 80, 160, 80, 160, 80, 80, 80, 160]"
14,13,0__1__2__3__4__5__6-7__8-9__10__11__12-13__14-15,5.028990406677753,0.6630718085772829,"[6, 8, 12, 14]",12,"[80, 80, 80, 80, 80, 80, 160, 160, 80, 80, 160, 160]"
15,14,0__1__2__3__4__5-6__7__8__9-10__11__12-13__14-15,5.02997534715535,0.6640567490548799,"[5, 9, 12, 14]",12,"[80, 80, 80, 80, 80, 160, 80, 80, 160, 80, 160, 160]"
16,15,0__1__2__3-4__5__6-7__8__9__10__11-12__13__14-15,5.030940058643867,0.6650214605433966,"[3, 6, 11, 14]",12,"[80, 80, 80, 160, 80, 160, 80, 80, 80, 160, 80, 160]"
17,16,0__1__2__3-4__5-6__7__8__9-10__11__12__13__14-15,5.031855082115703,0.6659364840152326,"[3, 5, 9, 14]",12,"[80, 80, 80, 160, 160, 80, 80, 160, 80, 80, 80, 160]"
18,17,0__1__2__3-4__5__6-7__8__9__10-11__12__13__14-15,5.032496622464058,0.6665780243635879,"[3, 6, 10, 14]",12,"[80, 80, 80, 160, 80, 160, 80, 80, 160, 80, 80, 160]"
19,18,0__1__2-3__4__5__6-7__8__9-10__11__12__13-14__15,5.033551352697617,0.6676327545971468,"[2, 6, 9, 13]",12,"[80, 80, 160, 80, 80, 160, 80, 160, 80, 80, 160, 80]"
20,19,0__1__2__3-4__5__6-7__8-9__10__11__12__13-14__15,5.033622427070595,0.6677038289701249,"[3, 6, 8, 13]",12,"[80, 80, 80, 160, 80, 160, 160, 80, 80, 80, 160, 80]"
21,20,0__1__2__3-4__5__6-7__8__9-10__11__12__13-14__15,5.034733362095331,0.6688147639948605,"[3, 6, 9, 13]",12,"[80, 80, 80, 160, 80, 160, 80, 160, 80, 80, 160, 80]"
22,21,0-1__2__3__4__5__6-7__8-9__10__11__12__13__14-15,5.03494540780404,0.6690268097035696,"[0, 6, 8, 14]",12,"[160, 80, 80, 80, 80, 160, 160, 80, 80, 80, 80, 160]"
23,22,0__1__2-3__4__5-6__7__8__9-10__11__12__13-14__15,5.035799144416727,0.6698805463162572,"[2, 5, 9, 13]",12,"[80, 80, 160, 80, 160, 80, 80, 160, 80, 80, 160, 80]"
24,23,0__1__2-3__4__5__6-7__8-9__10__11__12__13-14__15,5.036045790417803,0.6701271923173326,"[2, 6, 8, 13]",12,"[80, 80, 160, 80, 80, 160, 160, 80, 80, 80, 160, 80]"
25,24,0__1__2-3__4__5-6__7__8-9__10__11__12__13__14-15,5.036373975106814,0.6704553770063439,"[2, 5, 8, 14]",12,"[80, 80, 160, 80, 160, 80, 160, 80, 80, 80, 80, 160]"
26,25,0__1__2-3__4-5__6-7__8__9__10__11__12__13-14__15,5.036970592081139,0.6710519939806687,"[2, 4, 6, 13]",12,"[80, 80, 160, 160, 160, 80, 80, 80, 80, 80, 160, 80]"
27,26,0-1__2-3__4__5__6-7__8__9__10__11__12__13__14-15,5.040493064611888,0.6745744665114177,"[0, 2, 6, 14]",12,"[160, 160, 80, 80, 160, 80, 80, 80, 80, 80, 80, 160]"
28,27,0__1__2__3-4__5-6__7__8__9-10__11__12__13-14__15,5.041175928050588,0.6752573299501181,"[3, 5, 9, 13]",12,"[80, 80, 80, 160, 160, 80, 80, 160, 80, 80, 160, 80]"
29,28,0__1__2__3__4-5__6-7__8__9__10__11__12-13__14-15,5.041452063376836,0.6755334652763656,"[4, 6, 12, 14]",12,"[80, 80, 80, 80, 160, 160, 80, 80, 80, 80, 160, 160]"
30,29,0__1__2-3__4__5-6__7__8__9__10__11-12__13__14-15,5.041772157216002,0.6758535591155317,"[2, 5, 11, 14]",12,"[80, 80, 160, 80, 160, 80, 80, 80, 80, 160, 80, 160]"
31,30,0-1__2__3-4__5__6-7__8__9__10__11__12__13__14-15,5.043405565465068,0.6774869673645973,"[0, 3, 6, 14]",12,"[160, 80, 160, 80, 160, 80, 80, 80, 80, 80, 80, 160]"
32,31,0__1__2-3__4__5__6-7__8__9__10__11__12-13__14-15,5.043578228992451,0.6776596308919807,"[2, 6, 12, 14]",12,"[80, 80, 160, 80, 80, 160, 80, 80, 80, 80, 160, 160]"
33,32,0__1__2__3__4__5__6-7__8__9-10__11-12__13-14__15,5.044837667329104,0.678919069228634,"[6, 9, 11, 13]",12,"[80, 80, 80, 80, 80, 80, 160, 80, 160, 160, 160, 80]"
34,33,0-1__2__3__4__5__6-7__8__9__10__11__12-13__14-15,5.046139906811458,0.6802213087109878,"[0, 6, 12, 14]",12,"[160, 80, 80, 80, 80, 160, 80, 80, 80, 80, 160, 160]"
35,34,0__1__2__3-4__5__6-7__8__9__10__11__12-13__14-15,5.047125759479004,0.6812071613785342,"[3, 6, 12, 14]",12,"[80, 80, 80, 160, 80, 160, 80, 80, 80, 80, 160, 160]"
36,35,0__1-2__3__4__5__6-7__8-9__10__11__12__13__14-15,5.0476663459897155,0.6817477478892453,"[1, 6, 8, 14]",12,"[80, 160, 80, 80, 80, 160, 160, 80, 80, 80, 80, 160]"
37,36,0__1-2__3__4__5__6-7__8__9-10__11__12__13__14-15,5.047916892919606,0.6819982948191354,"[1, 6, 9, 14]",12,"[80, 160, 80, 80, 80, 160, 80, 160, 80, 80, 80, 160]"
38,37,0__1__2-3__4__5-6__7__8__9__10__11__12-13__14-15,5.048512754319117,0.6825941562186468,"[2, 5, 12, 14]",12,"[80, 80, 160, 80, 160, 80, 80, 80, 80, 80, 160, 160]"
39,38,0__1__2__3__4__5__6-7__8-9__10__11-12__13-14__15,5.048639025739444,0.6827204276389738,"[6, 8, 11, 13]",12,"[80, 80, 80, 80, 80, 80, 160, 160, 80, 160, 160, 80]"
40,39,0__1__2-3__4__5-6__7-8__9__10__11__12__13__14-15,5.049880907798909,0.6839623096984386,"[2, 5, 7, 14]",12,"[80, 80, 160, 80, 160, 160, 80, 80, 80, 80, 80, 160]"
41,40,0__1__2-3__4-5__6-7__8__9-10__11__12__13__14__15,5.049942526999107,0.684023928898637,"[2, 4, 6, 9]",12,"[80, 80, 160, 160, 160, 80, 160, 80, 80, 80, 80, 80]"
42,41,0-1__2__3__4__5__6-7__8__9-10__11__12__13-14__15,5.0505460476246045,0.6846274495241342,"[0, 6, 9, 13]",12,"[160, 80, 80, 80, 80, 160, 80, 160, 80, 80, 160, 80]"
43,42,0__1__2-3__4__5-6__7__8__9__10-11__12__13__14-15,5.052221397034467,0.6863027989339967,"[2, 5, 10, 14]",12,"[80, 80, 160, 80, 160, 80, 80, 80, 160, 80, 80, 160]"
44,43,0__1__2-3__4__5__6-7__8__9-10__11-12__13__14__15,5.052241300208128,0.6863227021076579,"[2, 6, 9, 11]",12,"[80, 80, 160, 80, 80, 160, 80, 160, 160, 80, 80, 80]"
45,44,0__1__2__3-4__5-6__7__8-9__10__11__12__13__14-15,5.053509456321291,0.6875908582208208,"[3, 5, 8, 14]",12,"[80, 80, 80, 160, 160, 80, 160, 80, 80, 80, 80, 160]"
46,45,0__1__2-3__4__5__6-7__8__9__10__11-12__13-14__15,5.054155239727956,0.6882366416274861,"[2, 6, 11, 13]",12,"[80, 80, 160, 80, 80, 160, 80, 80, 80, 160, 160, 80]"
47,46,0__1__2__3__4__5__6-7__8__9__10-11__12-13__14-15,5.055676474249608,0.6897578761491374,"[6, 10, 12, 14]",12,"[80, 80, 80, 80, 80, 80, 160, 80, 80, 160, 160, 160]"
48,47,0__1__2__3-4__5-6__7__8__9__10__11__12-13__14-15,5.056165036101728,0.6902464380012576,"[3, 5, 12, 14]",12,"[80, 80, 80, 160, 160, 80, 80, 80, 80, 80, 160, 160]"
49,48,0__1__2__3-4__5-6__7-8__9__10__11__12__13__14-15,5.056248766469349,0.6903301683688792,"[3, 5, 7, 14]",12,"[80, 80, 80, 160, 160, 160, 80, 80, 80, 80, 80, 160]"
50,49,0__1__2__3__4__5__6-7__8-9__10-11__12__13__14-15,5.056911044339864,0.6909924462393935,"[6, 8, 10, 14]",12,"[80, 80, 80, 80, 80, 80, 160, 160, 160, 80, 80, 160]"
51,50,0-1__2__3__4__5__6-7__8__9__10__11-12__13__14-15,5.057884110034037,0.6919655119335664,"[0, 6, 11, 14]",12,"[160, 80, 80, 80, 80, 160, 80, 80, 80, 160, 80, 160]"
52,51,0__1__2-3__4__5-6__7__8-9__10__11__12__13-14__15,5.058006234416048,0.6920876363155779,"[2, 5, 8, 13]",12,"[80, 80, 160, 80, 160, 80, 160, 80, 80, 80, 160, 80]"
53,52,0__1__2__3__4__5-6__7-8__9-10__11__12__13__14-15,5.0590702734618125,0.6931516753613423,"[5, 7, 9, 14]",12,"[80, 80, 80, 80, 80, 160, 160, 160, 80, 80, 80, 160]"
54,53,0__1__2__3__4__5-6__7-8__9__10__11__12-13__14-15,5.059220025499778,0.6933014273993079,"[5, 7, 12, 14]",12,"[80, 80, 80, 80, 80, 160, 160, 80, 80, 80, 160, 160]"
55,54,0__1-2__3__4__5__6-7__8__9__10__11__12-13__14-15,5.059304687634241,0.6933860895337709,"[1, 6, 12, 14]",12,"[80, 160, 80, 80, 80, 160, 80, 80, 80, 80, 160, 160]"
56,55,0-1__2__3__4__5__6-7__8-9__10__11__12__13-14__15,5.059596208533234,0.693677610432764,"[0, 6, 8, 13]",12,"[160, 80, 80, 80, 80, 160, 160, 80, 80, 80, 160, 80]"
57,56,0__1-2__3-4__5__6-7__8__9__10__11__12__13__14-15,5.060260658040424,0.6943420599399541,"[1, 3, 6, 14]",12,"[80, 160, 160, 80, 160, 80, 80, 80, 80, 80, 80, 160]"
58,57,0__1-2__3__4__5__6-7__8__9__10__11-12__13__14-15,5.0603824831756565,0.6944638850751863,"[1, 6, 11, 14]",12,"[80, 160, 80, 80, 80, 160, 80, 80, 80, 160, 80, 160]"
59,58,0__1__2__3__4__5-6__7__8-9__10__11__12-13__14-15,5.060404743966469,0.6944861458659988,"[5, 8, 12, 14]",12,"[80, 80, 80, 80, 80, 160, 80, 160, 80, 80, 160, 160]"
60,59,0__1__2__3__4__5-6__7-8__9-10__11__12__13-14__15,5.060757612319752,0.6948390142192817,"[5, 7, 9, 13]",12,"[80, 80, 80, 80, 80, 160, 160, 160, 80, 80, 160, 80]"
61,60,0__1__2__3__4__5-6__7__8__9-10__11-12__13__14-15,5.061099778172557,0.6951811800720868,"[5, 9, 11, 14]",12,"[80, 80, 80, 80, 80, 160, 80, 80, 160, 160, 80, 160]"
62,61,0__1__2__3__4-5__6-7__8__9-10__11__12__13-14__15,5.062233802743205,0.696315204642735,"[4, 6, 9, 13]",12,"[80, 80, 80, 80, 160, 160, 80, 160, 80, 80, 160, 80]"
63,62,0__1__2__3-4__5-6__7__8-9__10__11__12__13-14__15,5.063092002887297,0.6971734047868265,"[3, 5, 8, 13]",12,"[80, 80, 80, 160, 160, 80, 160, 80, 80, 80, 160, 80]"
64,63,0__1__2__3__4__5-6__7__8__9-10__11-12__13-14__15,5.063205582422012,0.6972869843215417,"[5, 9, 11, 13]",12,"[80, 80, 80, 80, 80, 160, 80, 80, 160, 160, 160, 80]"
65,64,0__1__2-3__4__5__6-7__8__9__10-11__12__13-14__15,5.063471555942897,0.6975529578424267,"[2, 6, 10, 13]",12,"[80, 80, 160, 80, 80, 160, 80, 80, 160, 80, 160, 80]"
66,65,0__1__2-3__4__5__6-7__8-9__10__11-12__13__14__15,5.064407532748822,0.6984889346483518,"[2, 6, 8, 11]",12,"[80, 80, 160, 80, 80, 160, 160, 80, 160, 80, 80, 80]"
67,66,0-1__2__3__4__5-6__7__8__9__10__11__12-13__14-15,5.064686969111975,0.6987683710115045,"[0, 5, 12, 14]",12,"[160, 80, 80, 80, 160, 80, 80, 80, 80, 80, 160, 160]"
68,67,0__1__2-3__4-5__6-7__8-9__10__11__12__13__14__15,5.065531145675674,0.699612547575204,"[2, 4, 6, 8]",12,"[80, 80, 160, 160, 160, 160, 80, 80, 80, 80, 80, 80]"
69,68,0-1__2__3__4__5-6__7__8__9-10__11__12__13-14__15,5.066116602423137,0.700198004322667,"[0, 5, 9, 13]",12,"[160, 80, 80, 80, 160, 80, 80, 160, 80, 80, 160, 80]"
70,69,0__1__2__3-4__5__6-7__8__9__10__11-12__13-14__15,5.066171390686334,0.7002527925858635,"[3, 6, 11, 13]",12,"[80, 80, 80, 160, 80, 160, 80, 80, 80, 160, 160, 80]"
71,70,0__1__2__3-4__5-6__7__8__9__10__11-12__13__14-15,5.067823190959435,0.7019045928589644,"[3, 5, 11, 14]",12,"[80, 80, 80, 160, 160, 80, 80, 80, 80, 160, 80, 160]"
72,71,0__1__2-3__4__5-6__7__8__9__10__11-12__13-14__15,5.068051423961233,0.7021328258607626,"[2, 5, 11, 13]",12,"[80, 80, 160, 80, 160, 80, 80, 80, 80, 160, 160, 80]"
73,72,0__1-2__3__4__5__6-7__8-9__10__11__12__13-14__15,5.068073290883621,0.702154692783151,"[1, 6, 8, 13]",12,"[80, 160, 80, 80, 80, 160, 160, 80, 80, 80, 160, 80]"
74,73,0__1-2__3__4__5__6-7__8__9-10__11__12__13-14__15,5.068230632230101,0.7023120341296307,"[1, 6, 9, 13]",12,"[80, 160, 80, 80, 80, 160, 80, 160, 80, 80, 160, 80]"
75,74,0__1__2-3__4__5-6__7__8__9-10__11-12__13__14__15,5.069295225954475,0.7033766278540048,"[2, 5, 9, 11]",12,"[80, 80, 160, 80, 160, 80, 80, 160, 160, 80, 80, 80]"
76,75,0-1__2__3__4__5-6__7__8__9-10__11__12__13__14-15,5.069628875393089,0.7037102772926191,"[0, 5, 9, 14]",12,"[160, 80, 80, 80, 160, 80, 80, 160, 80, 80, 80, 160]"
77,76,0__1__2__3-4__5-6__7-8__9__10__11__12__13-14__15,5.069805830921013,0.7038872328205423,"[3, 5, 7, 13]",12,"[80, 80, 80, 160, 160, 160, 80, 80, 80, 80, 160, 80]"
78,77,0__1__2__3__4-5__6-7__8-9__10__11__12__13-14__15,5.070751586384554,0.7048329882840836,"[4, 6, 8, 13]",12,"[80, 80, 80, 80, 160, 160, 160, 80, 80, 80, 160, 80]"
79,78,0__1__2__3__4-5__6-7__8__9-10__11__12-13__14__15,5.071150653406555,0.7052320553060847,"[4, 6, 9, 12]",12,"[80, 80, 80, 80, 160, 160, 80, 160, 80, 160, 80, 80]"
80,79,0-1__2__3-4__5__6-7__8__9__10__11__12__13-14__15,5.0714285138298925,0.7055099157294222,"[0, 3, 6, 13]",12,"[160, 80, 160, 80, 160, 80, 80, 80, 80, 80, 160, 80]"
81,80,0__1__2__3-4__5__6-7__8__9__10-11__12__13-14__15,5.0715551343714615,0.7056365362709913,"[3, 6, 10, 13]",12,"[80, 80, 80, 160, 80, 160, 80, 80, 160, 80, 160, 80]"
82,81,0-1__2-3__4__5__6-7__8__9-10__11__12__13__14__15,5.071630521720222,0.7057119236197522,"[0, 2, 6, 9]",12,"[160, 160, 80, 80, 160, 80, 160, 80, 80, 80, 80, 80]"
83,82,0__1__2__3__4-5__6-7__8__9__10__11-12__13-14__15,5.071913813798892,0.7059952156984215,"[4, 6, 11, 13]",12,"[80, 80, 80, 80, 160, 160, 80, 80, 80, 160, 160, 80]"
84,83,0__1__2-3__4__5-6__7-8__9__10__11__12__13-14__15,5.07251886468479,0.7066002665843198,"[2, 5, 7, 13]",12,"[80, 80, 160, 80, 160, 160, 80, 80, 80, 80, 160, 80]"
85,84,0__1__2-3__4__5-6__7-8__9-10__11__12__13__14__15,5.072781716157498,0.7068631180570275,"[2, 5, 7, 9]",12,"[80, 80, 160, 80, 160, 160, 160, 80, 80, 80, 80, 80]"
86,85,0-1__2-3__4__5-6__7__8__9__10__11__12__13__14-15,5.073448834647648,0.7075302365471776,"[0, 2, 5, 14]",12,"[160, 160, 80, 160, 80, 80, 80, 80, 80, 80, 80, 160]"
87,86,0-1__2__3__4__5__6-7__8__9__10-11__12__13__14-15,5.073501826497933,0.7075832283974623,"[0, 6, 10, 14]",12,"[160, 80, 80, 80, 80, 160, 80, 80, 160, 80, 80, 160]"
88,87,0__1__2__3-4__5__6-7__8__9-10__11-12__13__14__15,5.073717258076747,0.7077986599762767,"[3, 6, 9, 11]",12,"[80, 80, 80, 160, 80, 160, 80, 160, 160, 80, 80, 80]"
89,88,0__1__2-3__4-5__6-7__8__9__10__11-12__13__14__15,5.074129530644719,0.7082109325442492,"[2, 4, 6, 11]",12,"[80, 80, 160, 160, 160, 80, 80, 80, 160, 80, 80, 80]"
90,89,0__1__2__3__4-5__6-7__8__9__10__11-12__13__14-15,5.074791931103868,0.7088733330033978,"[4, 6, 11, 14]",12,"[80, 80, 80, 80, 160, 160, 80, 80, 80, 160, 80, 160]"
91,90,0__1-2__3__4__5-6__7__8__9__10__11__12-13__14-15,5.075065281850269,0.7091466837497986,"[1, 5, 12, 14]",12,"[80, 160, 80, 80, 160, 80, 80, 80, 80, 80, 160, 160]"
92,91,0__1__2__3__4-5__6-7__8__9-10__11__12__13__14-15,5.075511511935983,0.7095929138355128,"[4, 6, 9, 14]",12,"[80, 80, 80, 80, 160, 160, 80, 160, 80, 80, 80, 160]"
93,92,0-1__2-3__4__5__6-7__8__9__10__11__12__13-14__15,5.075544462176013,0.7096258640755426,"[0, 2, 6, 13]",12,"[160, 160, 80, 80, 160, 80, 80, 80, 80, 80, 160, 80]"
94,93,0__1__2__3-4__5-6__7__8__9__10-11__12__13__14-15,5.076266795425937,0.7103481973254668,"[3, 5, 10, 14]",12,"[80, 80, 80, 160, 160, 80, 80, 80, 160, 80, 80, 160]"
95,94,0__1-2__3__4__5-6__7__8__9-10__11__12__13-14__15,5.078150243936279,0.7122316458358089,"[1, 5, 9, 13]",12,"[80, 160, 80, 80, 160, 80, 80, 160, 80, 80, 160, 80]"
96,95,0__1__2-3__4__5__6-7__8-9__10-11__12__13__14__15,5.078173788877993,0.7122551907775225,"[2, 6, 8, 10]",12,"[80, 80, 160, 80, 80, 160, 160, 160, 80, 80, 80, 80]"
97,96,0__1__2__3__4__5-6__7__8__9__10-11__12-13__14-15,5.078551025800808,0.7126324277003375,"[5, 10, 12, 14]",12,"[80, 80, 80, 80, 80, 160, 80, 80, 80, 160, 160, 160]"
98,97,0__1__2-3__4__5-6__7__8__9-10__11__12-13__14__15,5.079109307491418,0.7131907093909478,"[2, 5, 9, 12]",12,"[80, 80, 160, 80, 160, 80, 80, 160, 80, 160, 80, 80]"
99,98,0__1__2-3__4__5-6__7__8__9__10-11__12__13-14__15,5.079183710402175,0.7132651123017046,"[2, 5, 10, 13]",12,"[80, 80, 160, 80, 160, 80, 80, 80, 160, 80, 160, 80]"
100,99,0-1__2__3-4__5__6-7__8__9-10__11__12__13__14__15,5.080656738691433,0.7147381405909625,"[0, 3, 6, 9]",12,"[160, 80, 160, 80, 160, 80, 160, 80, 80, 80, 80, 80]"
101,100,0__1__2__3-4__5__6-7__8-9__10__11-12__13__14__15,5.081180616324715,0.7152620182242444,"[3, 6, 8, 11]",12,"[80, 80, 80, 160, 80, 160, 160, 80, 160, 80, 80, 80]"
102,101,0__1__2__3__4-5__6-7__8-9__10__11__12__13__14-15,5.081913054513792,0.7159944564133216,"[4, 6, 8, 14]",12,"[80, 80, 80, 80, 160, 160, 160, 80, 80, 80, 80, 160]"
103,102,0__1-2__3__4__5-6__7__8__9-10__11__12__13__14-15,5.082167361605319,0.7162487635048489,"[1, 5, 9, 14]",12,"[80, 160, 80, 80, 160, 80, 80, 160, 80, 80, 80, 160]"
104,103,0__1__2__3-4__5-6__7-8__9-10__11__12__13__14__15,5.083297697796267,0.7173790996957967,"[3, 5, 7, 9]",12,"[80, 80, 80, 160, 160, 160, 160, 80, 80, 80, 80, 80]"
105,104,0__1__2-3__4-5__6-7__8__9__10__11__12-13__14__15,5.083365597916022,0.7174469998155519,"[2, 4, 6, 12]",12,"[80, 80, 160, 160, 160, 80, 80, 80, 80, 160, 80, 80]"
106,105,0__1-2__3__4__5__6-7__8__9__10-11__12__13__14-15,5.083701199916567,0.7177826018160971,"[1, 6, 10, 14]",12,"[80, 160, 80, 80, 80, 160, 80, 80, 160, 80, 80, 160]"
107,106,0-1__2__3-4__5-6__7__8__9__10__11__12__13__14-15,5.084154401706461,0.7182358036059906,"[0, 3, 5, 14]",12,"[160, 80, 160, 160, 80, 80, 80, 80, 80, 80, 80, 160]"
108,107,0__1__2__3__4__5__6-7__8-9__10-11__12__13-14__15,5.084569068714787,0.7186504706143166,"[6, 8, 10, 13]",12,"[80, 80, 80, 80, 80, 80, 160, 160, 160, 80, 160, 80]"
109,108,0__1-2__3__4__5__6-7__8__9__10__11-12__13-14__15,5.084795439115134,0.718876841014664,"[1, 6, 11, 13]",12,"[80, 160, 80, 80, 80, 160, 80, 80, 80, 160, 160, 80]"
110,109,0__1-2__3-4__5__6-7__8__9__10__11__12__13-14__15,5.084871064649416,0.718952466548946,"[1, 3, 6, 13]",12,"[80, 160, 160, 80, 160, 80, 80, 80, 80, 80, 160, 80]"
111,110,0-1__2__3__4__5__6-7__8__9-10__11__12-13__14__15,5.085160239118052,0.7192416410175815,"[0, 6, 9, 12]",12,"[160, 80, 80, 80, 80, 160, 80, 160, 80, 160, 80, 80]"
112,111,0__1__2__3__4__5-6__7-8__9-10__11__12-13__14__15,5.085208132586288,0.7192895344858181,"[5, 7, 9, 12]",12,"[80, 80, 80, 80, 80, 160, 160, 160, 80, 160, 80, 80]"
113,112,0__1__2__3-4__5-6__7__8__9__10__11-12__13-14__15,5.085300859934191,0.7193822618337204,"[3, 5, 11, 13]",12,"[80, 80, 80, 160, 160, 80, 80, 80, 80, 160, 160, 80]"
114,113,0__1__2__3__4__5-6__7-8__9__10__11-12__13__14-15,5.085610652133051,0.7196920540325804,"[5, 7, 11, 14]",12,"[80, 80, 80, 80, 80, 160, 160, 80, 80, 160, 80, 160]"
115,114,0-1__2-3__4__5-6__7__8__9-10__11__12__13__14__15,5.087098547673528,0.7211799495730578,"[0, 2, 5, 9]",12,"[160, 160, 80, 160, 80, 80, 160, 80, 80, 80, 80, 80]"
116,115,0__1__2__3__4__5-6__7__8-9__10__11-12__13__14-15,5.087312109659145,0.7213935115586745,"[5, 8, 11, 14]",12,"[80, 80, 80, 80, 80, 160, 80, 160, 80, 160, 80, 160]"
117,116,0__1__2-3__4__5__6-7__8__9-10__11__12-13__14__15,5.087707670086873,0.7217890719864029,"[2, 6, 9, 12]",12,"[80, 80, 160, 80, 80, 160, 80, 160, 80, 160, 80, 80]"
118,117,0-1__2__3__4__5__6-7__8__9__10__11-12__13-14__15,5.088303570640169,0.7223849725396985,"[0, 6, 11, 13]",12,"[160, 80, 80, 80, 80, 160, 80, 80, 80, 160, 160, 80]"
119,118,0-1__2__3__4__5-6__7-8__9__10__11__12__13__14-15,5.088498260035659,0.722579661935189,"[0, 5, 7, 14]",12,"[160, 80, 80, 80, 160, 160, 80, 80, 80, 80, 80, 160]"
120,119,0-1__2-3__4__5-6__7__8__9__10__11__12__13-14__15,5.088498835223395,0.7225802371229246,"[0, 2, 5, 13]",12,"[160, 160, 80, 160, 80, 80, 80, 80, 80, 80, 160, 80]"
121,120,0-1__2-3__4__5__6-7__8-9__10__11__12__13__14__15,5.088520028141353,0.722601430040883,"[0, 2, 6, 8]",12,"[160, 160, 80, 80, 160, 160, 80, 80, 80, 80, 80, 80]"
122,121,0__1-2__3__4-5__6-7__8__9__10__11__12__13-14__15,5.088583181797001,0.7226645836965311,"[1, 4, 6, 13]",12,"[80, 160, 80, 160, 160, 80, 80, 80, 80, 80, 160, 80]"
123,122,0__1__2__3__4__5-6__7__8-9__10__11-12__13-14__15,5.0886472989154115,0.7227287008149412,"[5, 8, 11, 13]",12,"[80, 80, 80, 80, 80, 160, 80, 160, 80, 160, 160, 80]"
124,123,0__1__2__3-4__5-6__7__8__9-10__11__12-13__14__15,5.088779725869963,0.7228611277694927,"[3, 5, 9, 12]",12,"[80, 80, 80, 160, 160, 80, 80, 160, 80, 160, 80, 80]"
125,124,0-1__2__3__4__5-6__7__8__9-10__11__12-13__14__15,5.089619329364885,0.7237007312644144,"[0, 5, 9, 12]",12,"[160, 80, 80, 80, 160, 80, 80, 160, 80, 160, 80, 80]"
126,125,0-1__2__3-4__5-6__7__8__9__10__11__12__13-14__15,5.089639996969572,0.7237213988691016,"[0, 3, 5, 13]",12,"[160, 80, 160, 160, 80, 80, 80, 80, 80, 80, 160, 80]"
127,126,0__1-2__3-4__5-6__7__8__9__10__11__12__13__14-15,5.09017611575383,0.7242575176533599,"[1, 3, 5, 14]",12,"[80, 160, 160, 160, 80, 80, 80, 80, 80, 80, 80, 160]"
128,127,0__1__2__3__4__5-6__7-8__9__10__11-12__13-14__15,5.091004704916349,0.7250861068158789,"[5, 7, 11, 13]",12,"[80, 80, 80, 80, 80, 160, 160, 80, 80, 160, 160, 80]"
129,128,0-1__2__3__4-5__6-7__8__9__10__11__12__13-14__15,5.0920733389383654,0.7261547408378952,"[0, 4, 6, 13]",12,"[160, 80, 80, 160, 160, 80, 80, 80, 80, 80, 160, 80]"
130,129,0-1__2__3-4__5__6-7__8-9__10__11__12__13__14__15,5.092799158273437,0.7268805601729671,"[0, 3, 6, 8]",12,"[160, 80, 160, 80, 160, 160, 80, 80, 80, 80, 80, 80]"
131,130,0-1__2__3__4__5-6__7-8__9__10__11__12__13-14__15,5.092984481990512,0.7270658838900417,"[0, 5, 7, 13]",12,"[160, 80, 80, 80, 160, 160, 80, 80, 80, 80, 160, 80]"
132,131,0__1__2__3-4__5-6__7__8__9__10-11__12__13-14__15,5.093075288006288,0.7271566899058177,"[3, 5, 10, 13]",12,"[80, 80, 80, 160, 160, 80, 80, 80, 160, 80, 160, 80]"
133,132,0__1__2__3-4__5__6-7__8__9-10__11__12-13__14__15,5.0932318029282495,0.7273132048277793,"[3, 6, 9, 12]",12,"[80, 80, 80, 160, 80, 160, 80, 160, 80, 160, 80, 80]"
134,133,0__1-2__3-4__5-6__7__8__9__10__11__12__13-14__15,5.094741797051006,0.7288231989505354,"[1, 3, 5, 13]",12,"[80, 160, 160, 160, 80, 80, 80, 80, 80, 80, 160, 80]"
135,134,0-1__2__3__4__5__6-7__8__9-10__11-12__13__14__15,5.094806213416196,0.7288876153157258,"[0, 6, 9, 11]",12,"[160, 80, 80, 80, 80, 160, 80, 160, 160, 80, 80, 80]"
136,135,0__1__2__3-4__5__6-7__8-9__10-11__12__13__14__15,5.094822727923053,0.7289041298225829,"[3, 6, 8, 10]",12,"[80, 80, 80, 160, 80, 160, 160, 160, 80, 80, 80, 80]"
137,136,0__1__2-3__4__5__6__7__8__9-10__11-12__13__14-15,5.0949541331502815,0.7290355350498112,"[2, 9, 11, 14]",12,"[80, 80, 160, 80, 80, 80, 80, 80, 160, 160, 80, 160]"
138,137,0__1__2-3__4__5__6__7-8__9-10__11__12__13__14-15,5.096204387593946,0.7302857894934753,"[2, 7, 9, 14]",12,"[80, 80, 160, 80, 80, 80, 160, 160, 80, 80, 80, 160]"
139,138,0__1__2__3__4-5__6-7__8-9__10__11__12-13__14__15,5.096748314761463,0.7308297166609927,"[4, 6, 8, 12]",12,"[80, 80, 80, 80, 160, 160, 160, 80, 80, 160, 80, 80]"
140,139,0-1__2__3__4__5-6__7__8-9__10__11__12__13-14__15,5.098161307248202,0.7322427091477319,"[0, 5, 8, 13]",12,"[160, 80, 80, 80, 160, 80, 160, 80, 80, 80, 160, 80]"
141,140,0__1__2__3-4__5-6__7__8__9-10__11-12__13__14__15,5.09835848057841,0.7324398824779399,"[3, 5, 9, 11]",12,"[80, 80, 80, 160, 160, 80, 80, 160, 160, 80, 80, 80]"
142,141,0__1-2__3__4__5__6-7__8__9-10__11-12__13__14__15,5.098811051712707,0.7328924536122372,"[1, 6, 9, 11]",12,"[80, 160, 80, 80, 80, 160, 80, 160, 160, 80, 80, 80]"
143,142,0__1-2__3__4-5__6-7__8__9__10__11__12__13__14-15,5.099061521267262,0.7331429231667919,"[1, 4, 6, 14]",12,"[80, 160, 80, 160, 160, 80, 80, 80, 80, 80, 80, 160]"
144,143,0__1-2__3__4__5-6__7__8-9__10__11__12__13-14__15,5.099113537535756,0.7331949394352861,"[1, 5, 8, 13]",12,"[80, 160, 80, 80, 160, 80, 160, 80, 80, 80, 160, 80]"
145,144,0__1__2-3__4-5__6-7__8__9__10-11__12__13__14__15,5.099767982318837,0.7338493842183667,"[2, 4, 6, 10]",12,"[80, 80, 160, 160, 160, 80, 80, 160, 80, 80, 80, 80]"
146,145,0-1__2__3__4-5__6-7__8__9__10__11__12__13__14-15,5.100072243579555,0.7341536454790845,"[0, 4, 6, 14]",12,"[160, 80, 80, 160, 160, 80, 80, 80, 80, 80, 80, 160]"
147,146,0-1__2__3__4__5-6__7__8-9__10__11__12__13__14-15,5.100366238158703,0.7344476400582325,"[0, 5, 8, 14]",12,"[160, 80, 80, 80, 160, 80, 160, 80, 80, 80, 80, 160]"
148,147,0__1-2__3__4__5-6__7-8__9__10__11__12__13-14__15,5.100651048844861,0.7347324507443904,"[1, 5, 7, 13]",12,"[80, 160, 80, 80, 160, 160, 80, 80, 80, 80, 160, 80]"
149,148,0__1-2__3__4__5-6__7-8__9__10__11__12__13__14-15,5.1009076641451925,0.7349890660447223,"[1, 5, 7, 14]",12,"[80, 160, 80, 80, 160, 160, 80, 80, 80, 80, 80, 160]"
150,149,0__1__2-3__4__5-6__7__8-9__10__11-12__13__14__15,5.1013334205306755,0.7354148224302053,"[2, 5, 8, 11]",12,"[80, 80, 160, 80, 160, 80, 160, 80, 160, 80, 80, 80]"
151,150,0__1-2__3-4__5__6-7__8__9-10__11__12__13__14__15,5.102382420328239,0.7364638222277691,"[1, 3, 6, 9]",12,"[80, 160, 160, 80, 160, 80, 160, 80, 80, 80, 80, 80]"
152,151,0__1-2__3__4__5-6__7__8__9-10__11__12-13__14__15,5.1027879178931865,0.7368693197927163,"[1, 5, 9, 12]",12,"[80, 160, 80, 80, 160, 80, 80, 160, 80, 160, 80, 80]"
153,152,0__1__2__3__4-5__6-7__8__9-10__11-12__13__14__15,5.102936438917531,0.7370178408170611,"[4, 6, 9, 11]",12,"[80, 80, 80, 80, 160, 160, 80, 160, 160, 80, 80, 80]"
154,153,0__1-2__3__4__5__6-7__8__9-10__11__12-13__14__15,5.103009291058761,0.737090692958291,"[1, 6, 9, 12]",12,"[80, 160, 80, 80, 80, 160, 80, 160, 80, 160, 80, 80]"
155,154,0__1-2__3__4__5-6__7__8-9__10__11__12__13__14-15,5.104019994726396,0.7381013966259253,"[1, 5, 8, 14]",12,"[80, 160, 80, 80, 160, 80, 160, 80, 80, 80, 80, 160]"
156,155,0__1__2-3__4__5__6-7__8-9__10__11__12-13__14__15,5.104530664483123,0.738612066382653,"[2, 6, 8, 12]",12,"[80, 80, 160, 80, 80, 160, 160, 80, 80, 160, 80, 80]"
157,156,0__1-2__3__4__5-6__7__8__9__10__11-12__13__14-15,5.105250555748814,0.7393319576483437,"[1, 5, 11, 14]",12,"[80, 160, 80, 80, 160, 80, 80, 80, 80, 160, 80, 160]"
158,157,0-1__2__3__4__5-6__7-8__9-10__11__12__13__14__15,5.105501976180985,0.739583378080515,"[0, 5, 7, 9]",12,"[160, 80, 80, 80, 160, 160, 160, 80, 80, 80, 80, 80]"
159,158,0-1__2__3-4__5-6__7__8__9-10__11__12__13__14__15,5.105876847096552,0.7399582489960821,"[0, 3, 5, 9]",12,"[160, 80, 160, 160, 80, 80, 160, 80, 80, 80, 80, 80]"
160,159,0-1__2__3__4__5__6-7__8__9__10-11__12__13-14__15,5.105952666535289,0.7400340684348183,"[0, 6, 10, 13]",12,"[160, 80, 80, 80, 80, 160, 80, 80, 160, 80, 160, 80]"
161,160,0__1__2-3__4__5__6__7__8-9__10__11-12__13__14-15,5.106424267807081,0.7405056697066108,"[2, 8, 11, 14]",12,"[80, 80, 160, 80, 80, 80, 80, 160, 80, 160, 80, 160]"
162,161,0__1-2__3-4__5__6-7__8-9__10__11__12__13__14__15,5.106792645253977,0.7408740471535067,"[1, 3, 6, 8]",12,"[80, 160, 160, 80, 160, 160, 80, 80, 80, 80, 80, 80]"
163,162,0__1__2__3-4__5__6-7__8-9__10__11__12-13__14__15,5.10686429761139,0.7409456995109194,"[3, 6, 8, 12]",12,"[80, 80, 80, 160, 80, 160, 160, 80, 80, 160, 80, 80]"
164,163,0__1-2__3__4__5-6__7__8__9__10__11-12__13-14__15,5.107581602396737,0.7416630042962664,"[1, 5, 11, 13]",12,"[80, 160, 80, 80, 160, 80, 80, 80, 80, 160, 160, 80]"
165,164,0-1__2-3__4-5__6-7__8__9__10__11__12__13__14__15,5.107726758060101,0.7418081599596311,"[0, 2, 4, 6]",12,"[160, 160, 160, 160, 80, 80, 80, 80, 80, 80, 80, 80]"
166,165,0-1__2__3__4__5-6__7__8__9__10__11-12__13__14-15,5.108371907548355,0.7424533094478845,"[0, 5, 11, 14]",12,"[160, 80, 80, 80, 160, 80, 80, 80, 80, 160, 80, 160]"
167,166,0__1__2__3__4__5-6__7-8__9-10__11-12__13__14__15,5.1092357891862115,0.7433171910857412,"[5, 7, 9, 11]",12,"[80, 80, 80, 80, 80, 160, 160, 160, 160, 80, 80, 80]"
168,167,0__1-2__3__4__5__6-7__8-9__10__11-12__13__14__15,5.109375311831925,0.7434567137314545,"[1, 6, 8, 11]",12,"[80, 160, 80, 80, 80, 160, 160, 80, 160, 80, 80, 80]"
169,168,0-1__2__3__4__5__6-7__8-9__10__11__12-13__14__15,5.110178723712821,0.7442601256123504,"[0, 6, 8, 12]",12,"[160, 80, 80, 80, 80, 160, 160, 80, 80, 160, 80, 80]"
170,169,0__1__2__3-4__5__6__7-8__9-10__11__12__13__14-15,5.111591944130518,0.7456733460300482,"[3, 7, 9, 14]",12,"[80, 80, 80, 160, 80, 80, 160, 160, 80, 80, 80, 160]"
171,170,0__1-2__3__4__5__6-7__8__9__10-11__12__13-14__15,5.112266975414019,0.7463483773135486,"[1, 6, 10, 13]",12,"[80, 160, 80, 80, 80, 160, 80, 80, 160, 80, 160, 80]"
172,171,0-1__2__3__4__5__6-7__8-9__10__11-12__13__14__15,5.11239776863031,0.7464791705298399,"[0, 6, 8, 11]",12,"[160, 80, 80, 80, 80, 160, 160, 80, 160, 80, 80, 80]"
173,172,0-1__2__3__4__5-6__7__8__9__10__11-12__13-14__15,5.114770500074966,0.7488519019744961,"[0, 5, 11, 13]",12,"[160, 80, 80, 80, 160, 80, 80, 80, 80, 160, 160, 80]"
174,173,0__1__2-3__4__5-6__7__8-9__10__11__12-13__14__15,5.115363182093974,0.7494445839935038,"[2, 5, 8, 12]",12,"[80, 80, 160, 80, 160, 80, 160, 80, 80, 160, 80, 80]"
175,174,0__1__2-3__4-5__6__7__8__9-10__11__12__13__14-15,5.115987526939295,0.7500689288388251,"[2, 4, 9, 14]",12,"[80, 80, 160, 160, 80, 80, 80, 160, 80, 80, 80, 160]"
176,175,0__1-2__3__4-5__6-7__8__9__10__11__12-13__14__15,5.116836354413223,0.7509177563127531,"[1, 4, 6, 12]",12,"[80, 160, 80, 160, 160, 80, 80, 80, 80, 160, 80, 80]"
177,176,0__1-2__3-4__5-6__7__8__9-10__11__12__13__14__15,5.116959462301006,0.7510408642005357,"[1, 3, 5, 9]",12,"[80, 160, 160, 160, 80, 80, 160, 80, 80, 80, 80, 80]"
178,177,0__1__2-3__4__5__6__7__8-9__10-11__12__13__14-15,5.117031922438278,0.7511133243378074,"[2, 8, 10, 14]",12,"[80, 80, 160, 80, 80, 80, 80, 160, 160, 80, 80, 160]"
179,178,0-1__2__3__4-5__6-7__8__9__10__11__12-13__14__15,5.118128403190993,0.7522098050905228,"[0, 4, 6, 12]",12,"[160, 80, 80, 160, 160, 80, 80, 80, 80, 160, 80, 80]"
180,179,0__1-2__3__4__5__6-7__8-9__10__11__12-13__14__15,5.118988627678954,0.7530700295784838,"[1, 6, 8, 12]",12,"[80, 160, 80, 80, 80, 160, 160, 80, 80, 160, 80, 80]"
181,180,0__1__2__3__4-5__6-7__8__9__10-11__12__13-14__15,5.119259255839,0.75334065773853,"[4, 6, 10, 13]",12,"[80, 80, 80, 80, 160, 160, 80, 80, 160, 80, 160, 80]"
182,181,0__1__2-3__4__5-6__7-8__9__10__11-12__13__14__15,5.119271812550833,0.753353214450363,"[2, 5, 7, 11]",12,"[80, 80, 160, 80, 160, 160, 80, 80, 160, 80, 80, 80]"
183,182,0-1__2-3__4__5__6__7__8__9-10__11__12__13__14-15,5.120112950967321,0.7541943528668504,"[0, 2, 9, 14]",12,"[160, 160, 80, 80, 80, 80, 80, 160, 80, 80, 80, 160]"
184,183,0__1__2__3__4-5__6-7__8-9__10__11-12__13__14__15,5.120451542638963,0.754532944538493,"[4, 6, 8, 11]",12,"[80, 80, 80, 80, 160, 160, 160, 80, 160, 80, 80, 80]"
185,184,0-1__2-3__4__5__6-7__8__9__10__11-12__13__14__15,5.121160145495761,0.7552415473952907,"[0, 2, 6, 11]",12,"[160, 160, 80, 80, 160, 80, 80, 80, 160, 80, 80, 80]"
186,185,0__1__2-3__4__5-6__7__8-9__10-11__12__13__14__15,5.121396733169332,0.755478135068862,"[2, 5, 8, 10]",12,"[80, 80, 160, 80, 160, 80, 160, 160, 80, 80, 80, 80]"
187,186,0__1-2__3__4__5-6__7-8__9-10__11__12__13__14__15,5.121908584065218,0.7559899859647476,"[1, 5, 7, 9]",12,"[80, 160, 80, 80, 160, 160, 160, 80, 80, 80, 80, 80]"
188,187,0-1__2-3__4__5__6-7__8__9__10-11__12__13__14__15,5.122139265110765,0.7562206670102949,"[0, 2, 6, 10]",12,"[160, 160, 80, 80, 160, 80, 80, 160, 80, 80, 80, 80]"
189,188,0-1__2__3__4-5__6-7__8__9-10__11__12__13__14__15,5.124155611353303,0.7582370132528329,"[0, 4, 6, 9]",12,"[160, 80, 80, 160, 160, 80, 160, 80, 80, 80, 80, 80]"
190,189,0__1__2__3__4__5-6__7-8__9__10-11__12__13__14-15,5.124336326110631,0.7584177280101612,"[5, 7, 10, 14]",12,"[80, 80, 80, 80, 80, 160, 160, 80, 160, 80, 80, 160]"
191,190,0__1__2__3__4-5__6-7__8__9__10-11__12__13__14-15,5.12459028221645,0.7586716841159795,"[4, 6, 10, 14]",12,"[80, 80, 80, 80, 160, 160, 80, 80, 160, 80, 80, 160]"
192,191,0__1__2-3__4__5__6__7__8__9-10__11__12-13__14-15,5.125035709649587,0.7591171115491164,"[2, 9, 12, 14]",12,"[80, 80, 160, 80, 80, 80, 80, 80, 160, 80, 160, 160]"
193,192,0__1-2__3__4-5__6-7__8__9-10__11__12__13__14__15,5.1252083619901745,0.7592897638897043,"[1, 4, 6, 9]",12,"[80, 160, 80, 160, 160, 80, 160, 80, 80, 80, 80, 80]"
194,193,0__1__2__3-4__5-6__7__8-9__10__11__12-13__14__15,5.125318898250397,0.7594003001499265,"[3, 5, 8, 12]",12,"[80, 80, 80, 160, 160, 80, 160, 80, 80, 160, 80, 80]"
195,194,0-1__2-3__4__5-6__7__8-9__10__11__12__13__14__15,5.1254373403122235,0.7595187422117533,"[0, 2, 5, 8]",12,"[160, 160, 80, 160, 80, 160, 80, 80, 80, 80, 80, 80]"
196,195,0__1__2__3__4__5__6__7-8__9-10__11__12-13__14-15,5.127502098344522,0.7615835002440514,"[7, 9, 12, 14]",12,"[80, 80, 80, 80, 80, 80, 80, 160, 160, 80, 160, 160]"
197,196,0-1__2__3__4__5__6__7-8__9-10__11__12__13__14-15,5.127653212840956,0.7617346147404858,"[0, 7, 9, 14]",12,"[160, 80, 80, 80, 80, 80, 160, 160, 80, 80, 80, 160]"
198,197,0__1-2__3__4__5-6__7__8__9-10__11-12__13__14__15,5.128423310444852,0.7625047123443816,"[1, 5, 9, 11]",12,"[80, 160, 80, 80, 160, 80, 80, 160, 160, 80, 80, 80]"
199,198,0__1__2__3-4__5-6__7__8-9__10__11-12__13__14__15,5.129385583678066,0.7634669855775957,"[3, 5, 8, 11]",12,"[80, 80, 80, 160, 160, 80, 160, 80, 160, 80, 80, 80]"
200,199,0__1__2-3__4__5__6__7-8__9__10__11-12__13__14-15,5.1298209770217555,0.7639023789212853,"[2, 7, 11, 14]",12,"[80, 80, 160, 80, 80, 80, 160, 80, 80, 160, 80, 160]"
201,200,0__1__2__3__4__5-6__7-8__9__10-11__12__13-14__15,5.130722488242976,0.764803890142506,"[5, 7, 10, 13]",12,"[80, 80, 80, 80, 80, 160, 160, 80, 160, 80, 160, 80]"
202,201,0__1__2__3__4__5-6__7__8-9__10-11__12__13-14__15,5.130760149988378,0.7648415518879075,"[5, 8, 10, 13]",12,"[80, 80, 80, 80, 80, 160, 80, 160, 160, 80, 160, 80]"
203,202,0__1__2__3__4__5__6__7-8__9-10__11-12__13__14-15,5.130884688387635,0.7649660902871647,"[7, 9, 11, 14]",12,"[80, 80, 80, 80, 80, 80, 80, 160, 160, 160, 80, 160]"
204,203,0__1__2__3__4__5__6-7__8-9__10-11__12-13__14__15,5.131362035943383,0.7654434378429125,"[6, 8, 10, 12]",12,"[80, 80, 80, 80, 80, 80, 160, 160, 160, 160, 80, 80]"
205,204,0-1__2__3__4__5-6__7__8__9-10__11-12__13__14__15,5.131892009914096,0.7659734118136257,"[0, 5, 9, 11]",12,"[160, 80, 80, 80, 160, 80, 80, 160, 160, 80, 80, 80]"
206,205,0__1__2-3__4__5__6-7__8__9__10-11__12-13__14__15,5.1320871122887874,0.7661685141883172,"[2, 6, 10, 12]",12,"[80, 80, 160, 80, 80, 160, 80, 80, 160, 160, 80, 80]"
207,206,0__1__2__3-4__5__6__7__8__9-10__11-12__13__14-15,5.132202039366244,0.7662834412657737,"[3, 9, 11, 14]",12,"[80, 80, 80, 160, 80, 80, 80, 80, 160, 160, 80, 160]"
208,207,0__1__2__3__4__5-6__7__8-9__10-11__12__13__14-15,5.132223311524005,0.7663047134235343,"[5, 8, 10, 14]",12,"[80, 80, 80, 80, 80, 160, 80, 160, 160, 80, 80, 160]"
209,208,0__1__2-3__4-5__6__7__8__9__10__11__12-13__14-15,5.132671541249414,0.7667529431489442,"[2, 4, 12, 14]",12,"[80, 80, 160, 160, 80, 80, 80, 80, 80, 80, 160, 160]"
210,209,0__1__2-3__4__5-6__7-8__9__10__11__12-13__14__15,5.132875249998777,0.7669566518983064,"[2, 5, 7, 12]",12,"[80, 80, 160, 80, 160, 160, 80, 80, 80, 160, 80, 80]"
211,210,0__1__2-3__4-5__6__7__8-9__10__11__12__13__14-15,5.133883761054493,0.767965162954023,"[2, 4, 8, 14]",12,"[80, 80, 160, 160, 80, 80, 160, 80, 80, 80, 80, 160]"
212,211,0__1__2-3__4__5-6__7__8__9__10-11__12-13__14__15,5.134138113825435,0.7682195157249652,"[2, 5, 10, 12]",12,"[80, 80, 160, 80, 160, 80, 80, 80, 160, 160, 80, 80]"
213,212,0-1__2__3__4__5-6__7-8__9__10__11__12-13__14__15,5.13416379264839,0.7682451945479194,"[0, 5, 7, 12]",12,"[160, 80, 80, 80, 160, 160, 80, 80, 80, 160, 80, 80]"
214,213,0-1__2__3__4__5-6__7__8__9__10-11__12__13__14-15,5.134657988916511,0.7687393908160409,"[0, 5, 10, 14]",12,"[160, 80, 80, 80, 160, 80, 80, 80, 160, 80, 80, 160]"
215,214,0__1__2-3__4-5__6__7__8__9-10__11__12__13-14__15,5.135093236831859,0.7691746387313891,"[2, 4, 9, 13]",12,"[80, 80, 160, 160, 80, 80, 80, 160, 80, 80, 160, 80]"
216,215,0__1__2__3-4__5-6__7-8__9__10__11__12-13__14__15,5.135417259566828,0.7694986614663577,"[3, 5, 7, 12]",12,"[80, 80, 80, 160, 160, 160, 80, 80, 80, 160, 80, 80]"
217,216,0-1__2__3__4__5__6__7__8__9-10__11__12-13__14-15,5.135787683731183,0.7698690856307131,"[0, 9, 12, 14]",12,"[160, 80, 80, 80, 80, 80, 80, 80, 160, 80, 160, 160]"
218,217,0-1__2__3__4__5-6__7__8-9__10__11__12-13__14__15,5.136370623915775,0.7704520258153051,"[0, 5, 8, 12]",12,"[160, 80, 80, 80, 160, 80, 160, 80, 80, 160, 80, 80]"
219,218,0__1__2__3-4__5__6__7__8-9__10__11-12__13__14-15,5.137230216815907,0.771311618715437,"[3, 8, 11, 14]",12,"[80, 80, 80, 160, 80, 80, 80, 160, 80, 160, 80, 160]"
220,219,0__1-2__3__4__5-6__7__8__9__10-11__12__13__14-15,5.13728627524651,0.7713676771460394,"[1, 5, 10, 14]",12,"[80, 160, 80, 80, 160, 80, 80, 80, 160, 80, 80, 160]"
221,220,0__1__2-3__4-5__6__7__8__9__10__11-12__13__14-15,5.137624409191769,0.7717058110912989,"[2, 4, 11, 14]",12,"[80, 80, 160, 160, 80, 80, 80, 80, 80, 160, 80, 160]"
222,221,0-1__2__3__4__5-6__7__8__9__10-11__12__13-14__15,5.1377187530316215,0.7718001549311513,"[0, 5, 10, 13]",12,"[160, 80, 80, 80, 160, 80, 80, 80, 160, 80, 160, 80]"
223,222,0-1__2-3__4__5-6__7-8__9__10__11__12__13__14__15,5.13777627739855,0.7718576792980798,"[0, 2, 5, 7]",12,"[160, 160, 80, 160, 160, 80, 80, 80, 80, 80, 80, 80]"
224,223,0__1__2-3__4__5-6__7-8__9__10-11__12__13__14__15,5.137795725176411,0.7718771270759408,"[2, 5, 7, 10]",12,"[80, 80, 160, 80, 160, 160, 80, 160, 80, 80, 80, 80]"
225,224,0-1__2-3__4__5__6__7__8-9__10__11__12__13__14-15,5.138151494638661,0.772232896538191,"[0, 2, 8, 14]",12,"[160, 160, 80, 80, 80, 80, 160, 80, 80, 80, 80, 160]"
226,225,0__1-2__3__4__5-6__7__8__9__10-11__12__13-14__15,5.138500232267706,0.7725816341672358,"[1, 5, 10, 13]",12,"[80, 160, 80, 80, 160, 80, 80, 80, 160, 80, 160, 80]"
227,226,0__1__2-3__4__5__6__7-8__9__10-11__12__13__14-15,5.138553735913885,0.7726351378134151,"[2, 7, 10, 14]",12,"[80, 80, 160, 80, 80, 80, 160, 80, 160, 80, 80, 160]"
228,227,0-1__2-3__4__5-6__7__8__9__10__11__12-13__14__15,5.138880948750038,0.7729623506495678,"[0, 2, 5, 12]",12,"[160, 160, 80, 160, 80, 80, 80, 80, 80, 160, 80, 80]"
229,228,0__1-2__3__4-5__6-7__8-9__10__11__12__13__14__15,5.1389038401964475,0.7729852420959773,"[1, 4, 6, 8]",12,"[80, 160, 80, 160, 160, 160, 80, 80, 80, 80, 80, 80]"
230,229,0-1__2__3-4__5__6-7__8__9__10-11__12__13__14__15,5.139144003915647,0.7732254058151771,"[0, 3, 6, 10]",12,"[160, 80, 160, 80, 160, 80, 80, 160, 80, 80, 80, 80]"
231,230,0__1-2__3__4__5-6__7__8-9__10__11__12-13__14__15,5.1395152009011245,0.7735966028006542,"[1, 5, 8, 12]",12,"[80, 160, 80, 80, 160, 80, 160, 80, 80, 160, 80, 80]"
232,231,0__1__2__3-4__5-6__7-8__9__10__11-12__13__14__15,5.139833264803024,0.773914666702554,"[3, 5, 7, 11]",12,"[80, 80, 80, 160, 160, 160, 80, 80, 160, 80, 80, 80]"
233,232,0-1__2__3__4__5__6-7__8-9__10-11__12__13__14__15,5.140251352640191,0.7743327545397207,"[0, 6, 8, 10]",12,"[160, 80, 80, 80, 80, 160, 160, 160, 80, 80, 80, 80]"
234,233,0__1__2__3__4-5__6-7__8__9__10-11__12-13__14__15,5.140417792114228,0.7744991940137576,"[4, 6, 10, 12]",12,"[80, 80, 80, 80, 160, 160, 80, 80, 160, 160, 80, 80]"
235,234,0-1__2-3__4__5__6-7__8__9__10__11__12-13__14__15,5.140847396291246,0.7749287981907758,"[0, 2, 6, 12]",12,"[160, 160, 80, 80, 160, 80, 80, 80, 80, 160, 80, 80]"
236,235,0-1__2__3-4__5__6-7__8__9__10__11-12__13__14__15,5.140877537247256,0.7749589391467859,"[0, 3, 6, 11]",12,"[160, 80, 160, 80, 160, 80, 80, 80, 160, 80, 80, 80]"
237,236,0__1-2__3-4__5__6-7__8__9__10__11-12__13__14__15,5.141364121833272,0.7754455237328015,"[1, 3, 6, 11]",12,"[80, 160, 160, 80, 160, 80, 80, 80, 160, 80, 80, 80]"
238,237,0-1__2__3-4__5__6__7__8__9-10__11__12__13__14-15,5.142009586882382,0.7760909887819114,"[0, 3, 9, 14]",12,"[160, 80, 160, 80, 80, 80, 80, 160, 80, 80, 80, 160]"
239,238,0__1__2-3__4__5__6__7__8-9__10__11__12-13__14-15,5.142048647909453,0.7761300498089829,"[2, 8, 12, 14]",12,"[80, 80, 160, 80, 80, 80, 80, 160, 80, 80, 160, 160]"
240,239,0-1__2__3-4__5-6__7-8__9__10__11__12__13__14__15,5.142049912949578,0.776131314849108,"[0, 3, 5, 7]",12,"[160, 80, 160, 160, 160, 80, 80, 80, 80, 80, 80, 80]"
241,240,0-1__2__3-4__5-6__7__8-9__10__11__12__13__14__15,5.142522124367842,0.7766035262673716,"[0, 3, 5, 8]",12,"[160, 80, 160, 160, 80, 160, 80, 80, 80, 80, 80, 80]"
242,241,0__1-2__3__4__5-6__7-8__9__10__11__12-13__14__15,5.143150648413515,0.777232050313045,"[1, 5, 7, 12]",12,"[80, 160, 80, 80, 160, 160, 80, 80, 80, 160, 80, 80]"
243,242,0__1__2__3-4__5__6__7__8__9-10__11__12-13__14-15,5.143152802337766,0.7772342042372955,"[3, 9, 12, 14]",12,"[80, 80, 80, 160, 80, 80, 80, 80, 160, 80, 160, 160]"
244,243,0__1-2__3__4-5__6-7__8__9__10__11-12__13__14__15,5.1432953319008865,0.7773767338004163,"[1, 4, 6, 11]",12,"[80, 160, 80, 160, 160, 80, 80, 80, 160, 80, 80, 80]"
245,244,0__1-2__3-4__5-6__7__8-9__10__11__12__13__14__15,5.144094521698714,0.7781759235982442,"[1, 3, 5, 8]",12,"[80, 160, 160, 160, 80, 160, 80, 80, 80, 80, 80, 80]"
246,245,0__1-2__3__4__5__6-7__8-9__10-11__12__13__14__15,5.144317797551756,0.778399199451286,"[1, 6, 8, 10]",12,"[80, 160, 80, 80, 80, 160, 160, 160, 80, 80, 80, 80]"
247,246,0__1__2__3-4__5__6-7__8__9__10-11__12-13__14__15,5.145629047531769,0.779710449431299,"[3, 6, 10, 12]",12,"[80, 80, 80, 160, 80, 160, 80, 80, 160, 160, 80, 80]"
248,247,0-1__2__3__4-5__6-7__8-9__10__11__12__13__14__15,5.145771639554498,0.7798530414540279,"[0, 4, 6, 8]",12,"[160, 80, 80, 160, 160, 160, 80, 80, 80, 80, 80, 80]"
249,248,0-1__2__3-4__5__6-7__8__9__10__11__12-13__14__15,5.146113642732652,0.7801950446321815,"[0, 3, 6, 12]",12,"[160, 80, 160, 80, 160, 80, 80, 80, 80, 160, 80, 80]"
250,249,0__1__2__3__4-5__6__7__8__9-10__11__12-13__14-15,5.14629221148971,0.7803736133892398,"[4, 9, 12, 14]",12,"[80, 80, 80, 80, 160, 80, 80, 80, 160, 80, 160, 160]"
251,250,0__1__2-3__4-5__6__7-8__9__10__11__12__13__14-15,5.14629479843617,0.7803762003356995,"[2, 4, 7, 14]",12,"[80, 80, 160, 160, 80, 160, 80, 80, 80, 80, 80, 160]"
252,251,0-1__2-3__4__5-6__7__8__9__10__11-12__13__14__15,5.14689319783991,0.78097459973944,"[0, 2, 5, 11]",12,"[160, 160, 80, 160, 80, 80, 80, 80, 160, 80, 80, 80]"
253,252,0__1__2__3-4__5__6__7__8-9__10-11__12__13__14-15,5.147773436903371,0.781854838802901,"[3, 8, 10, 14]",12,"[80, 80, 80, 160, 80, 80, 80, 160, 160, 80, 80, 160]"
254,253,0__1-2__3-4__5__6-7__8__9__10-11__12__13__14__15,5.148396224453536,0.7824776263530655,"[1, 3, 6, 10]",12,"[80, 160, 160, 80, 160, 80, 80, 160, 80, 80, 80, 80]"
255,254,0__1__2-3__4__5__6__7__8__9-10__11-12__13-14__15,5.149133835137182,0.7832152370367114,"[2, 9, 11, 13]",12,"[80, 80, 160, 80, 80, 80, 80, 80, 160, 160, 160, 80]"
256,255,0__1__2-3__4__5__6__7-8__9-10__11__12__13-14__15,5.149161556948664,0.7832429588481942,"[2, 7, 9, 13]",12,"[80, 80, 160, 80, 80, 80, 160, 160, 80, 80, 160, 80]"
257,256,0-1__2__3-4__5-6__7__8__9__10__11__12-13__14__15,5.150873264376136,0.7849546662756657,"[0, 3, 5, 12]",12,"[160, 80, 160, 160, 80, 80, 80, 80, 80, 160, 80, 80]"
258,257,0__1__2__3-4__5-6__7__8-9__10-11__12__13__14__15,5.151013826461598,0.7850952283611274,"[3, 5, 8, 10]",12,"[80, 80, 80, 160, 160, 80, 160, 160, 80, 80, 80, 80]"
259,258,0__1-2__3__4__5__6__7-8__9-10__11__12__13__14-15,5.15218389861628,0.7862653005158098,"[1, 7, 9, 14]",12,"[80, 160, 80, 80, 80, 80, 160, 160, 80, 80, 80, 160]"
260,259,0__1__2__3-4__5__6__7-8__9-10__11__12__13-14__15,5.152387826440388,0.786469228339918,"[3, 7, 9, 13]",12,"[80, 80, 80, 160, 80, 80, 160, 160, 80, 80, 160, 80]"
261,260,0__1-2__3-4__5-6__7-8__9__10__11__12__13__14__15,5.152730560955297,0.7868119628548271,"[1, 3, 5, 7]",12,"[80, 160, 160, 160, 160, 80, 80, 80, 80, 80, 80, 80]"
262,261,0__1__2__3-4__5__6__7-8__9__10__11-12__13__14-15,5.1534097327514825,0.7874911346510123,"[3, 7, 11, 14]",12,"[80, 80, 80, 160, 80, 80, 160, 80, 80, 160, 80, 160]"
263,262,0-1__2-3__4__5-6__7__8__9__10-11__12__13__14__15,5.153447012747487,0.7875284146470172,"[0, 2, 5, 10]",12,"[160, 160, 80, 160, 80, 80, 80, 160, 80, 80, 80, 80]"
264,263,0__1__2-3__4-5__6__7__8-9__10__11__12__13-14__15,5.153640119211415,0.787721521110945,"[2, 4, 8, 13]",12,"[80, 80, 160, 160, 80, 80, 160, 80, 80, 80, 160, 80]"
265,264,0__1__2__3-4__5-6__7__8__9__10-11__12-13__14__15,5.153642400851581,0.7877238027511106,"[3, 5, 10, 12]",12,"[80, 80, 80, 160, 160, 80, 80, 80, 160, 160, 80, 80]"
266,265,0-1__2__3-4__5__6__7__8-9__10__11__12__13__14-15,5.153947623244479,0.7880290251440085,"[0, 3, 8, 14]",12,"[160, 80, 160, 80, 80, 80, 160, 80, 80, 80, 80, 160]"
267,266,0-1__2__3__4__5__6-7__8__9__10-11__12-13__14__15,5.154328122516532,0.7884095244160614,"[0, 6, 10, 12]",12,"[160, 80, 80, 80, 80, 160, 80, 80, 160, 160, 80, 80]"
268,267,0-1__2__3__4__5__6__7__8__9-10__11-12__13__14-15,5.155072594434751,0.7891539963342806,"[0, 9, 11, 14]",12,"[160, 80, 80, 80, 80, 80, 80, 80, 160, 160, 80, 160]"
269,268,0__1__2__3-4__5__6__7__8-9__10__11__12-13__14-15,5.155142204269752,0.7892236061692817,"[3, 8, 12, 14]",12,"[80, 80, 80, 160, 80, 80, 80, 160, 80, 80, 160, 160]"
270,269,0__1-2__3__4__5__6__7__8__9-10__11__12-13__14-15,5.155221386272769,0.7893027881722992,"[1, 9, 12, 14]",12,"[80, 160, 80, 80, 80, 80, 80, 80, 160, 80, 160, 160]"
271,270,0-1__2-3__4__5__6__7-8__9__10__11__12__13__14-15,5.15589248306707,0.7899738849665994,"[0, 2, 7, 14]",12,"[160, 160, 80, 80, 80, 160, 80, 80, 80, 80, 80, 160]"
272,271,0__1__2-3__4__5__6__7__8__9__10-11__12-13__14-15,5.158192860649012,0.7922742625485419,"[2, 10, 12, 14]",12,"[80, 80, 160, 80, 80, 80, 80, 80, 80, 160, 160, 160]"
273,272,0-1__2__3-4__5__6__7-8__9__10__11__12__13__14-15,5.15825267411397,0.7923340760134998,"[0, 3, 7, 14]",12,"[160, 80, 160, 80, 80, 160, 80, 80, 80, 80, 80, 160]"
274,273,0__1__2__3-4__5-6__7-8__9__10-11__12__13__14__15,5.1584531629306944,0.7925345648302242,"[3, 5, 7, 10]",12,"[80, 80, 80, 160, 160, 160, 80, 160, 80, 80, 80, 80]"
275,274,0__1-2__3-4__5-6__7__8__9__10__11__12-13__14__15,5.15911370498344,0.7931951068829699,"[1, 3, 5, 12]",12,"[80, 160, 160, 160, 80, 80, 80, 80, 80, 160, 80, 80]"
276,275,0__1__2__3-4__5__6__7-8__9__10-11__12__13__14-15,5.159474060099612,0.7935554619991416,"[3, 7, 10, 14]",12,"[80, 80, 80, 160, 80, 80, 160, 80, 160, 80, 80, 160]"
277,276,0__1-2__3-4__5__6-7__8__9__10__11__12-13__14__15,5.159754756841725,0.7938361587412546,"[1, 3, 6, 12]",12,"[80, 160, 160, 80, 160, 80, 80, 80, 80, 160, 80, 80]"
278,277,0-1__2__3__4__5__6__7__8-9__10__11__12-13__14-15,5.160061166433295,0.7941425683328251,"[0, 8, 12, 14]",12,"[160, 80, 80, 80, 80, 80, 80, 160, 80, 80, 160, 160]"
279,278,0__1-2__3__4__5-6__7__8-9__10__11-12__13__14__15,5.160408133751952,0.7944895356514818,"[1, 5, 8, 11]",12,"[80, 160, 80, 80, 160, 80, 160, 80, 160, 80, 80, 80]"
280,279,0__1-2__3__4__5__6__7__8__9-10__11-12__13__14-15,5.16073978355087,0.7948211854503997,"[1, 9, 11, 14]",12,"[80, 160, 80, 80, 80, 80, 80, 80, 160, 160, 80, 160]"
281,280,0-1__2__3__4__5__6__7-8__9-10__11__12__13-14__15,5.160868159487101,0.7949495613866304,"[0, 7, 9, 13]",12,"[160, 80, 80, 80, 80, 80, 160, 160, 80, 80, 160, 80]"
282,281,0__1__2-3__4__5__6__7__8-9__10__11-12__13-14__15,5.160948710940334,0.7950301128398634,"[2, 8, 11, 13]",12,"[80, 80, 160, 80, 80, 80, 80, 160, 80, 160, 160, 80]"
283,282,0-1__2__3__4-5__6-7__8__9__10__11-12__13__14__15,5.161384823501751,0.795466225401281,"[0, 4, 6, 11]",12,"[160, 80, 80, 160, 160, 80, 80, 80, 160, 80, 80, 80]"
284,283,0__1-2__3__4__5__6-7__8__9__10-11__12-13__14__15,5.161693437358151,0.7957748392576809,"[1, 6, 10, 12]",12,"[80, 160, 80, 80, 80, 160, 80, 80, 160, 160, 80, 80]"
285,284,0-1__2__3__4__5__6__7-8__9__10__11__12-13__14-15,5.161783953915593,0.7958653558151232,"[0, 7, 12, 14]",12,"[160, 80, 80, 80, 80, 80, 160, 80, 80, 80, 160, 160]"
286,285,0__1__2__3__4__5-6__7__8-9__10-11__12-13__14__15,5.161833089584246,0.7959144914837761,"[5, 8, 10, 12]",12,"[80, 80, 80, 80, 80, 160, 80, 160, 160, 160, 80, 80]"
287,286,0__1__2-3__4__5__6__7-8__9__10__11__12-13__14-15,5.162135281287797,0.7962166831873265,"[2, 7, 12, 14]",12,"[80, 80, 160, 80, 80, 80, 160, 80, 80, 80, 160, 160]"
288,287,0__1__2-3__4-5__6__7__8__9__10__11-12__13-14__15,5.162798059301292,0.7968794612008221,"[2, 4, 11, 13]",12,"[80, 80, 160, 160, 80, 80, 80, 80, 80, 160, 160, 80]"
289,288,0__1-2__3-4__5__6__7__8__9-10__11__12__13__14-15,5.163470162441071,0.7975515643406004,"[1, 3, 9, 14]",12,"[80, 160, 160, 80, 80, 80, 80, 160, 80, 80, 80, 160]"
290,289,0__1__2-3__4-5__6__7__8__9__10-11__12__13__14-15,5.163499051874334,0.7975804537738638,"[2, 4, 10, 14]",12,"[80, 80, 160, 160, 80, 80, 80, 80, 160, 80, 80, 160]"
291,290,0__1__2__3__4__5__6__7-8__9-10__11-12__13-14__15,5.163742335311129,0.7978237372106589,"[7, 9, 11, 13]",12,"[80, 80, 80, 80, 80, 80, 80, 160, 160, 160, 160, 80]"
292,291,0__1-2__3__4__5-6__7-8__9__10__11-12__13__14__15,5.165247677591423,0.7993290794909527,"[1, 5, 7, 11]",12,"[80, 160, 80, 80, 160, 160, 80, 80, 160, 80, 80, 80]"
293,292,0-1__2-3__4__5__6__7__8__9__10-11__12__13__14-15,5.1657160001999,0.7997974020994301,"[0, 2, 10, 14]",12,"[160, 160, 80, 80, 80, 80, 80, 80, 160, 80, 80, 160]"
294,293,0-1__2-3__4__5__6__7__8__9-10__11__12__13-14__15,5.165753567323657,0.7998349692231868,"[0, 2, 9, 13]",12,"[160, 160, 80, 80, 80, 80, 80, 160, 80, 80, 160, 80]"
295,294,0__1__2__3-4__5__6__7-8__9__10__11__12-13__14-15,5.1670642598283605,0.8011456617278903,"[3, 7, 12, 14]",12,"[80, 80, 80, 160, 80, 80, 160, 80, 80, 80, 160, 160]"
296,295,0__1__2__3__4__5-6__7-8__9__10-11__12-13__14__15,5.167553594501603,0.8016349964011331,"[5, 7, 10, 12]",12,"[80, 80, 80, 80, 80, 160, 160, 80, 160, 160, 80, 80]"
297,296,0__1__2-3__4-5__6__7__8__9-10__11__12-13__14__15,5.16837902386051,0.8024604257600396,"[2, 4, 9, 12]",12,"[80, 80, 160, 160, 80, 80, 80, 160, 80, 160, 80, 80]"
298,297,0-1__2-3__4__5__6__7__8__9__10__11-12__13__14-15,5.168510726003936,0.8025921279034653,"[0, 2, 11, 14]",12,"[160, 160, 80, 80, 80, 80, 80, 80, 80, 160, 80, 160]"
299,298,0__1-2__3-4__5__6__7__8-9__10__11__12__13__14-15,5.168548237659831,0.8026296395593606,"[1, 3, 8, 14]",12,"[80, 160, 160, 80, 80, 80, 160, 80, 80, 80, 80, 160]"
300,299,0__1-2__3-4__5-6__7__8__9__10__11-12__13__14__15,5.1687464443702735,0.8028278462698033,"[1, 3, 5, 11]",12,"[80, 160, 160, 160, 80, 80, 80, 80, 160, 80, 80, 80]"
301,300,0__1__2__3__4-5__6__7-8__9__10__11__12-13__14-15,5.1688322657364205,0.8029136676359503,"[4, 7, 12, 14]",12,"[80, 80, 80, 80, 160, 80, 160, 80, 80, 80, 160, 160]"
302,301,0__1__2-3__4-5__6__7-8__9__10__11__12__13-14__15,5.168928312299771,0.8030097141993009,"[2, 4, 7, 13]",12,"[80, 80, 160, 160, 80, 160, 80, 80, 80, 80, 160, 80]"
303,302,0__1__2-3__4-5__6__7__8__9-10__11-12__13__14__15,5.169202301159632,0.8032837030591615,"[2, 4, 9, 11]",12,"[80, 80, 160, 160, 80, 80, 80, 160, 160, 80, 80, 80]"
304,303,0__1-2__3__4__5__6__7__8-9__10__11-12__13__14-15,5.1702999322878185,0.8043813341873483,"[1, 8, 11, 14]",12,"[80, 160, 80, 80, 80, 80, 80, 160, 80, 160, 80, 160]"
305,304,0-1__2__3__4__5-6__7-8__9__10__11-12__13__14__15,5.170357199824567,0.8044386017240965,"[0, 5, 7, 11]",12,"[160, 80, 80, 80, 160, 160, 80, 80, 160, 80, 80, 80]"
306,305,0-1__2__3__4__5-6__7__8__9__10-11__12-13__14__15,5.1705814587172645,0.8046628606167943,"[0, 5, 10, 12]",12,"[160, 80, 80, 80, 160, 80, 80, 80, 160, 160, 80, 80]"
307,306,0__1-2__3__4__5__6__7__8-9__10__11__12-13__14-15,5.170690808244931,0.8047722101444608,"[1, 8, 12, 14]",12,"[80, 160, 80, 80, 80, 80, 80, 160, 80, 80, 160, 160]"
308,307,0-1__2__3__4__5__6__7__8-9__10__11-12__13__14-15,5.171395884930563,0.8054772868300928,"[0, 8, 11, 14]",12,"[160, 80, 80, 80, 80, 80, 80, 160, 80, 160, 80, 160]"
309,308,0__1__2-3__4__5__6__7-8__9-10__11-12__13__14__15,5.171574337624618,0.8056557395241475,"[2, 7, 9, 11]",12,"[80, 80, 160, 80, 80, 80, 160, 160, 160, 80, 80, 80]"
310,309,0__1__2__3__4-5__6__7__8-9__10__11__12-13__14-15,5.172392426581211,0.8064738284807405,"[4, 8, 12, 14]",12,"[80, 80, 80, 80, 160, 80, 80, 160, 80, 80, 160, 160]"
311,310,0-1__2__3__4__5-6__7__8-9__10__11-12__13__14__15,5.172435915714835,0.8065173176143645,"[0, 5, 8, 11]",12,"[160, 80, 80, 80, 160, 80, 160, 80, 160, 80, 80, 80]"
312,311,0-1__2__3-4__5__6__7__8__9-10__11__12__13-14__15,5.173333928265762,0.8074153301652922,"[0, 3, 9, 13]",12,"[160, 80, 160, 80, 80, 80, 80, 160, 80, 80, 160, 80]"
313,312,0__1__2-3__4-5__6__7-8__9-10__11__12__13__14__15,5.173912807177472,0.8079942090770018,"[2, 4, 7, 9]",12,"[80, 80, 160, 160, 80, 160, 160, 80, 80, 80, 80, 80]"
314,313,0__1-2__3__4__5-6__7__8__9__10-11__12-13__14__15,5.173918099463976,0.807999501363506,"[1, 5, 10, 12]",12,"[80, 160, 80, 80, 160, 80, 80, 80, 160, 160, 80, 80]"
315,314,0__1__2__3-4__5__6__7__8__9-10__11-12__13-14__15,5.174258704758809,0.8083401066583384,"[3, 9, 11, 13]",12,"[80, 80, 80, 160, 80, 80, 80, 80, 160, 160, 160, 80]"
316,315,0__1__2__3__4__5__6__7__8-9__10-11__12-13__14-15,5.174508048642066,0.8085894505415956,"[8, 10, 12, 14]",12,"[80, 80, 80, 80, 80, 80, 80, 80, 160, 160, 160, 160]"
317,316,0__1__2-3__4__5__6__7__8-9__10-11__12__13-14__15,5.174994979552626,0.8090763814521562,"[2, 8, 10, 13]",12,"[80, 80, 160, 80, 80, 80, 80, 160, 160, 80, 160, 80]"
318,317,0__1-2__3__4__5__6__7-8__9__10__11__12-13__14-15,5.175292050966653,0.8093734528661827,"[1, 7, 12, 14]",12,"[80, 160, 80, 80, 80, 80, 160, 80, 80, 80, 160, 160]"
319,318,0-1__2__3-4__5-6__7__8__9__10__11-12__13__14__15,5.176676501276906,0.8107579031764356,"[0, 3, 5, 11]",12,"[160, 80, 160, 160, 80, 80, 80, 80, 160, 80, 80, 80]"
320,319,0-1__2__3__4__5__6__7-8__9__10__11-12__13__14-15,5.177292060758828,0.8113734626583575,"[0, 7, 11, 14]",12,"[160, 80, 80, 80, 80, 80, 160, 80, 80, 160, 80, 160]"
321,320,0__1-2__3-4__5__6__7-8__9__10__11__12__13__14-15,5.178095336533711,0.8121767384332408,"[1, 3, 7, 14]",12,"[80, 160, 160, 80, 80, 160, 80, 80, 80, 80, 80, 160]"
322,321,0-1__2-3__4__5__6__7__8__9__10__11__12-13__14-15,5.178543043276432,0.8126244451759614,"[0, 2, 12, 14]",12,"[160, 160, 80, 80, 80, 80, 80, 80, 80, 80, 160, 160]"
323,322,0__1-2__3__4__5__6__7-8__9__10__11-12__13__14-15,5.179604273970409,0.8136856758699391,"[1, 7, 11, 14]",12,"[80, 160, 80, 80, 80, 80, 160, 80, 80, 160, 80, 160]"
324,323,0__1-2__3-4__5-6__7__8__9__10-11__12__13__14__15,5.179688738005368,0.8137701399048982,"[1, 3, 5, 10]",12,"[80, 160, 160, 160, 80, 80, 80, 160, 80, 80, 80, 80]"
325,324,0__1__2__3-4__5__6__7__8-9__10__11-12__13-14__15,5.180743622989598,0.814825024889128,"[3, 8, 11, 13]",12,"[80, 80, 80, 160, 80, 80, 80, 160, 80, 160, 160, 80]"
326,325,0__1__2__3-4__5__6__7__8__9__10-11__12-13__14-15,5.181157139622455,0.8152385415219845,"[3, 10, 12, 14]",12,"[80, 80, 80, 160, 80, 80, 80, 80, 80, 160, 160, 160]"
327,326,0-1__2__3-4__5-6__7__8__9__10-11__12__13__14__15,5.181764055440386,0.8158454573399156,"[0, 3, 5, 10]",12,"[160, 80, 160, 160, 80, 80, 80, 160, 80, 80, 80, 80]"
328,327,0__1__2-3__4__5__6__7-8__9__10__11-12__13-14__15,5.183083702042655,0.8171651039421848,"[2, 7, 11, 13]",12,"[80, 80, 160, 80, 80, 80, 160, 80, 80, 160, 160, 80]"
329,328,0__1__2__3__4__5__6__7-8__9__10-11__12-13__14-15,5.184331382591121,0.8184127844906506,"[7, 10, 12, 14]",12,"[80, 80, 80, 80, 80, 80, 80, 160, 80, 160, 160, 160]"
330,329,0__1-2__3__4__5__6__7-8__9-10__11__12__13-14__15,5.184558642807827,0.8186400447073572,"[1, 7, 9, 13]",12,"[80, 160, 80, 80, 80, 80, 160, 160, 80, 80, 160, 80]"
331,330,0__1-2__3__4-5__6__7__8__9__10__11__12-13__14-15,5.1853225214856575,0.8194039233851873,"[1, 4, 12, 14]",12,"[80, 160, 80, 160, 80, 80, 80, 80, 80, 80, 160, 160]"
332,331,0__1__2__3__4-5__6-7__8-9__10-11__12__13__14__15,5.185449117323054,0.8195305192225835,"[4, 6, 8, 10]",12,"[80, 80, 80, 80, 160, 160, 160, 160, 80, 80, 80, 80]"
333,332,0-1__2__3__4-5__6__7__8__9__10__11__12-13__14-15,5.185858063683831,0.819939465583361,"[0, 4, 12, 14]",12,"[160, 80, 80, 160, 80, 80, 80, 80, 80, 80, 160, 160]"
334,333,0-1__2-3__4__5__6__7__8-9__10__11__12__13-14__15,5.186300241352876,0.8203816432524054,"[0, 2, 8, 13]",12,"[160, 160, 80, 80, 80, 80, 160, 80, 80, 80, 160, 80]"
335,334,0-1__2__3__4__5__6__7__8__9-10__11-12__13-14__15,5.187430739286242,0.8215121411857718,"[0, 9, 11, 13]",12,"[160, 80, 80, 80, 80, 80, 80, 80, 160, 160, 160, 80]"
336,335,0-1__2-3__4__5__6__7-8__9-10__11__12__13__14__15,5.187513900059526,0.8215953019590554,"[0, 2, 7, 9]",12,"[160, 160, 80, 80, 80, 160, 160, 80, 80, 80, 80, 80]"
337,336,0__1__2-3__4-5__6__7__8__9__10-11__12__13-14__15,5.188618129066475,0.8226995309660046,"[2, 4, 10, 13]",12,"[80, 80, 160, 160, 80, 80, 80, 80, 160, 80, 160, 80]"
338,337,0-1__2__3-4__5__6__7__8-9__10__11__12__13-14__15,5.189718669693724,0.8238000715932534,"[0, 3, 8, 13]",12,"[160, 80, 160, 80, 80, 80, 160, 80, 80, 80, 160, 80]"
339,338,0__1__2__3__4-5__6__7-8__9-10__11__12__13-14__15,5.189959274359113,0.824040676258643,"[4, 7, 9, 13]",12,"[80, 80, 80, 80, 160, 80, 160, 160, 80, 80, 160, 80]"
340,339,0__1__2__3__4-5__6__7__8__9-10__11-12__13-14__15,5.190524994336498,0.8246063962360282,"[4, 9, 11, 13]",12,"[80, 80, 80, 80, 160, 80, 80, 80, 160, 160, 160, 80]"
341,340,0-1__2__3-4__5__6__7__8__9__10-11__12__13__14-15,5.191795481498174,0.8258768833977035,"[0, 3, 10, 14]",12,"[160, 80, 160, 80, 80, 80, 80, 80, 160, 80, 80, 160]"
342,341,0-1__2__3__4__5__6__7__8__9__10-11__12-13__14-15,5.192185880152012,0.8262672820515418,"[0, 10, 12, 14]",12,"[160, 80, 80, 80, 80, 80, 80, 80, 80, 160, 160, 160]"
343,342,0-1__2__3-4__5__6__7__8__9__10__11__12-13__14-15,5.192466212391038,0.8265476142905674,"[0, 3, 12, 14]",12,"[160, 80, 160, 80, 80, 80, 80, 80, 80, 80, 160, 160]"
344,343,0__1-2__3__4__5__6__7__8__9-10__11-12__13-14__15,5.193102893941214,0.8271842958407438,"[1, 9, 11, 13]",12,"[80, 160, 80, 80, 80, 80, 80, 80, 160, 160, 160, 80]"
345,344,0__1__2__3-4__5__6__7__8-9__10-11__12__13-14__15,5.193413492055466,0.827494893954996,"[3, 8, 10, 13]",12,"[80, 80, 80, 160, 80, 80, 80, 160, 160, 80, 160, 80]"
346,345,0-1__2__3-4__5__6__7-8__9-10__11__12__13__14__15,5.194739278810115,0.8288206807096445,"[0, 3, 7, 9]",12,"[160, 80, 160, 80, 80, 160, 160, 80, 80, 80, 80, 80]"
347,346,0__1-2__3__4-5__6-7__8__9__10-11__12__13__14__15,5.195575008410978,0.8296564103105082,"[1, 4, 6, 10]",12,"[80, 160, 80, 160, 160, 80, 80, 160, 80, 80, 80, 80]"
348,347,0__1__2-3__4-5__6__7__8-9__10__11-12__13__14__15,5.195651997335961,0.8297333992354909,"[2, 4, 8, 11]",12,"[80, 80, 160, 160, 80, 80, 160, 80, 160, 80, 80, 80]"
349,348,0__1__2__3__4-5__6__7-8__9-10__11__12-13__14__15,5.196343593000783,0.8304249949003131,"[4, 7, 9, 12]",12,"[80, 80, 80, 80, 160, 80, 160, 160, 80, 160, 80, 80]"
350,349,0__1-2__3-4__5__6__7__8__9-10__11__12__13-14__15,5.1964341799418134,0.8305155818413432,"[1, 3, 9, 13]",12,"[80, 160, 160, 80, 80, 80, 80, 160, 80, 80, 160, 80]"
351,350,0__1__2-3__4__5__6__7-8__9__10-11__12__13-14__15,5.198039823030563,0.8321212249300931,"[2, 7, 10, 13]",12,"[80, 80, 160, 80, 80, 80, 160, 80, 160, 80, 160, 80]"
352,351,0__1__2__3-4__5__6__7-8__9-10__11-12__13__14__15,5.1982650141562186,0.8323464160557483,"[3, 7, 9, 11]",12,"[80, 80, 80, 160, 80, 80, 160, 160, 160, 80, 80, 80]"
353,352,0-1__2__3-4__5__6__7__8__9__10__11-12__13__14-15,5.198610863727558,0.8326922656270881,"[0, 3, 11, 14]",12,"[160, 80, 160, 80, 80, 80, 80, 80, 80, 160, 80, 160]"
354,353,0__1__2__3-4__5__6__7-8__9__10__11-12__13-14__15,5.198618704272855,0.8327001061723847,"[3, 7, 11, 13]",12,"[80, 80, 80, 160, 80, 80, 160, 80, 80, 160, 160, 80]"
355,354,0-1__2__3__4__5__6__7-8__9-10__11__12-13__14__15,5.198690200015131,0.8327716019146605,"[0, 7, 9, 12]",12,"[160, 80, 80, 80, 80, 80, 160, 160, 80, 160, 80, 80]"
356,355,0__1-2__3-4__5__6__7__8__9__10__11-12__13__14-15,5.199242631477811,0.8333240333773411,"[1, 3, 11, 14]",12,"[80, 160, 160, 80, 80, 80, 80, 80, 80, 160, 80, 160]"
357,356,0-1__2__3-4__5__6__7-8__9__10__11__12__13-14__15,5.1992796639659655,0.8333610658654953,"[0, 3, 7, 13]",12,"[160, 80, 160, 80, 80, 160, 80, 80, 80, 80, 160, 80]"
358,357,0-1__2__3__4__5__6__7-8__9__10-11__12__13__14-15,5.199448610680544,0.8335300125800735,"[0, 7, 10, 14]",12,"[160, 80, 80, 80, 80, 80, 160, 80, 160, 80, 80, 160]"
359,358,0__1__2__3__4-5__6__7-8__9-10__11__12__13__14-15,5.1994858715657735,0.8335672734653032,"[4, 7, 9, 14]",12,"[80, 80, 80, 80, 160, 80, 160, 160, 80, 80, 80, 160]"
360,359,0-1__2-3__4-5__6__7__8__9-10__11__12__13__14__15,5.200140891070473,0.8342222929700025,"[0, 2, 4, 9]",12,"[160, 160, 160, 80, 80, 80, 160, 80, 80, 80, 80, 80]"
361,360,0__1-2__3-4__5__6__7__8__9__10-11__12__13__14-15,5.200441057497922,0.8345224593974514,"[1, 3, 10, 14]",12,"[80, 160, 160, 80, 80, 80, 80, 80, 160, 80, 80, 160]"
362,361,0__1__2__3__4-5__6__7__8__9-10__11-12__13__14-15,5.200589140838892,0.8346705427384213,"[4, 9, 11, 14]",12,"[80, 80, 80, 80, 160, 80, 80, 80, 160, 160, 80, 160]"
363,362,0-1__2__3__4__5__6__7__8-9__10-11__12__13__14-15,5.200646334729236,0.834727736628766,"[0, 8, 10, 14]",12,"[160, 80, 80, 80, 80, 80, 80, 160, 160, 80, 80, 160]"
364,363,0-1__2-3__4-5__6__7__8__9__10__11__12__13__14-15,5.201985471059849,0.8360668729593792,"[0, 2, 4, 14]",12,"[160, 160, 160, 80, 80, 80, 80, 80, 80, 80, 80, 160]"
365,364,0__1-2__3-4__5__6__7__8-9__10__11__12__13-14__15,5.202137689786223,0.836219091685753,"[1, 3, 8, 13]",12,"[80, 160, 160, 80, 80, 80, 160, 80, 80, 80, 160, 80]"
366,365,0__1__2-3__4-5__6__7__8-9__10__11__12-13__14__15,5.202465127756636,0.8365465296561654,"[2, 4, 8, 12]",12,"[80, 80, 160, 160, 80, 80, 160, 80, 80, 160, 80, 80]"
367,366,0__1-2__3__4__5__6__7__8__9__10-11__12-13__14-15,5.203120653929948,0.8372020558294775,"[1, 10, 12, 14]",12,"[80, 160, 80, 80, 80, 80, 80, 80, 80, 160, 160, 160]"
368,367,0__1-2__3__4__5__6__7__8-9__10__11-12__13-14__15,5.203169538361819,0.8372509402613488,"[1, 8, 11, 13]",12,"[80, 160, 80, 80, 80, 80, 80, 160, 80, 160, 160, 80]"
369,368,0-1__2__3__4__5-6__7-8__9__10-11__12__13__14__15,5.20386878486253,0.8379501867620593,"[0, 5, 7, 10]",12,"[160, 80, 80, 80, 160, 160, 80, 160, 80, 80, 80, 80]"
370,369,0__1-2__3__4__5-6__7__8-9__10-11__12__13__14__15,5.203943466977057,0.8380248688765866,"[1, 5, 8, 10]",12,"[80, 160, 80, 80, 160, 80, 160, 160, 80, 80, 80, 80]"
371,370,0-1__2-3__4__5__6__7__8__9-10__11-12__13__14__15,5.2041809533232,0.8382623552227297,"[0, 2, 9, 11]",12,"[160, 160, 80, 80, 80, 80, 80, 160, 160, 80, 80, 80]"
372,371,0-1__2__3__4-5__6__7__8__9-10__11__12__13-14__15,5.204931213009742,0.8390126149092714,"[0, 4, 9, 13]",12,"[160, 80, 80, 160, 80, 80, 80, 160, 80, 80, 160, 80]"
373,372,0__1-2__3__4__5__6__7__8-9__10-11__12__13__14-15,5.206024042672076,0.8401054445716056,"[1, 8, 10, 14]",12,"[80, 160, 80, 80, 80, 80, 80, 160, 160, 80, 80, 160]"
374,373,0-1__2-3__4__5__6__7-8__9__10__11__12__13-14__15,5.2062283732208225,0.8403097751203523,"[0, 2, 7, 13]",12,"[160, 160, 80, 80, 80, 160, 80, 80, 80, 80, 160, 80]"
375,374,0__1-2__3__4__5-6__7-8__9__10-11__12__13__14__15,5.2066806269297965,0.8407620288293263,"[1, 5, 7, 10]",12,"[80, 160, 80, 80, 160, 160, 80, 160, 80, 80, 80, 80]"
376,375,0__1__2__3__4-5__6__7__8__9__10-11__12-13__14-15,5.207135080708553,0.8412164826080826,"[4, 10, 12, 14]",12,"[80, 80, 80, 80, 160, 80, 80, 80, 80, 160, 160, 160]"
377,376,0-1__2__3__4__5__6__7__8-9__10__11-12__13-14__15,5.207309497766131,0.8413908996656607,"[0, 8, 11, 13]",12,"[160, 80, 80, 80, 80, 80, 80, 160, 80, 160, 160, 80]"
378,377,0__1-2__3-4__5__6__7__8__9__10__11__12-13__14-15,5.207519118736916,0.8416005206364456,"[1, 3, 12, 14]",12,"[80, 160, 160, 80, 80, 80, 80, 80, 80, 80, 160, 160]"
379,378,0__1-2__3__4-5__6__7__8__9-10__11__12__13-14__15,5.208326789524082,0.8424081914236119,"[1, 4, 9, 13]",12,"[80, 160, 80, 160, 80, 80, 80, 160, 80, 80, 160, 80]"
380,379,0-1__2-3__4-5__6__7__8__9__10__11__12__13-14__15,5.20901421670923,0.8430956186087597,"[0, 2, 4, 13]",12,"[160, 160, 160, 80, 80, 80, 80, 80, 80, 80, 160, 80]"
381,380,0-1__2__3__4-5__6-7__8__9__10-11__12__13__14__15,5.209041784236159,0.8431231861356885,"[0, 4, 6, 10]",12,"[160, 80, 80, 160, 160, 80, 80, 160, 80, 80, 80, 80]"
382,381,0__1__2-3__4__5__6__7-8__9-10__11__12-13__14__15,5.209415172435205,0.8434965743347345,"[2, 7, 9, 12]",12,"[80, 80, 160, 80, 80, 80, 160, 160, 80, 160, 80, 80]"
383,382,0__1__2__3__4-5__6__7__8-9__10__11-12__13-14__15,5.209432944058206,0.8435143459577361,"[4, 8, 11, 13]",12,"[80, 80, 80, 80, 160, 80, 80, 160, 80, 160, 160, 80]"
384,383,0__1__2__3-4__5__6__7-8__9__10-11__12__13-14__15,5.210200299498855,0.8442817013983852,"[3, 7, 10, 13]",12,"[80, 80, 80, 160, 80, 80, 160, 80, 160, 80, 160, 80]"
385,384,0-1__2__3__4-5__6__7__8__9-10__11__12-13__14__15,5.21064851803747,0.8447299199369995,"[0, 4, 9, 12]",12,"[160, 80, 80, 160, 80, 80, 80, 160, 80, 160, 80, 80]"
386,385,0-1__2__3__4__5-6__7__8-9__10-11__12__13__14__15,5.2109396753656085,0.8450210772651383,"[0, 5, 8, 10]",12,"[160, 80, 80, 80, 160, 80, 160, 160, 80, 80, 80, 80]"
387,386,0-1__2__3__4__5__6__7-8__9-10__11-12__13__14__15,5.2111962878692415,0.8452776897687713,"[0, 7, 9, 11]",12,"[160, 80, 80, 80, 80, 80, 160, 160, 160, 80, 80, 80]"
388,387,0__1-2__3__4__5__6__7-8__9__10-11__12__13__14-15,5.2112831151147505,0.8453645170142803,"[1, 7, 10, 14]",12,"[80, 160, 80, 80, 80, 80, 160, 80, 160, 80, 80, 160]"
389,388,0__1__2__3__4-5__6__7-8__9__10__11-12__13-14__15,5.211683848037048,0.8457652499365782,"[4, 7, 11, 13]",12,"[80, 80, 80, 80, 160, 80, 160, 80, 80, 160, 160, 80]"
390,389,0__1__2__3__4-5__6__7-8__9__10__11-12__13__14-15,5.213773052014214,0.8478544539137438,"[4, 7, 11, 14]",12,"[80, 80, 80, 80, 160, 80, 160, 80, 80, 160, 80, 160]"
391,390,0__1-2__3__4__5__6__7-8__9__10__11-12__13-14__15,5.2138668696085615,0.8479482715080913,"[1, 7, 11, 13]",12,"[80, 160, 80, 80, 80, 80, 160, 80, 80, 160, 160, 80]"
392,391,0__1__2-3__4-5__6__7-8__9__10__11-12__13__14__15,5.214314711058944,0.8483961129584738,"[2, 4, 7, 11]",12,"[80, 80, 160, 160, 80, 160, 80, 80, 160, 80, 80, 80]"
393,392,0__1-2__3-4__5__6__7-8__9__10__11__12__13-14__15,5.215409531038644,0.8494909329381741,"[1, 3, 7, 13]",12,"[80, 160, 160, 80, 80, 160, 80, 80, 80, 80, 160, 80]"
394,393,0__1-2__3__4-5__6__7__8__9-10__11__12-13__14__15,5.216116915933082,0.8501983178326116,"[1, 4, 9, 12]",12,"[80, 160, 80, 160, 80, 80, 80, 160, 80, 160, 80, 80]"
395,394,0__1__2__3-4__5__6__7-8__9-10__11__12-13__14__15,5.216416007495929,0.8504974093954587,"[3, 7, 9, 12]",12,"[80, 80, 80, 160, 80, 80, 160, 160, 80, 160, 80, 80]"
396,395,0-1__2__3__4__5__6__7-8__9__10__11-12__13-14__15,5.217061204994179,0.8511426068937089,"[0, 7, 11, 13]",12,"[160, 80, 80, 80, 80, 80, 160, 80, 80, 160, 160, 80]"
397,396,0__1__2__3__4-5__6__7__8-9__10__11-12__13__14-15,5.2171886692065765,0.8512700711061063,"[4, 8, 11, 14]",12,"[80, 80, 80, 80, 160, 80, 80, 160, 80, 160, 80, 160]"
398,397,0__1__2-3__4-5__6__7-8__9__10__11__12-13__14__15,5.2197666088973085,0.8538480107968383,"[2, 4, 7, 12]",12,"[80, 80, 160, 160, 80, 160, 80, 80, 80, 160, 80, 80]"
399,398,0__1-2__3__4__5__6__7-8__9-10__11-12__13__14__15,5.219985519569524,0.8540669214690535,"[1, 7, 9, 11]",12,"[80, 160, 80, 80, 80, 80, 160, 160, 160, 80, 80, 80]"
400,399,0-1__2-3__4__5__6__7__8__9-10__11__12-13__14__15,5.220051713236849,0.8541331151363787,"[0, 2, 9, 12]",12,"[160, 160, 80, 80, 80, 80, 80, 160, 80, 160, 80, 80]"
401,400,0-1__2-3__4__5__6__7__8__9__10-11__12__13-14__15,5.220250382800955,0.8543317847004852,"[0, 2, 10, 13]",12,"[160, 160, 80, 80, 80, 80, 80, 80, 160, 80, 160, 80]"
402,401,0-1__2-3__4__5__6__7__8__9__10__11-12__13-14__15,5.220528399839429,0.8546098017389587,"[0, 2, 11, 13]",12,"[160, 160, 80, 80, 80, 80, 80, 80, 80, 160, 160, 80]"
403,402,0__1-2__3__4__5__6__7-8__9-10__11__12-13__14__15,5.222672569670169,0.8567539715696988,"[1, 7, 9, 12]",12,"[80, 160, 80, 80, 80, 80, 160, 160, 80, 160, 80, 80]"
404,403,0-1__2__3__4-5__6__7__8__9-10__11__12__13__14-15,5.222760565003575,0.8568419669031044,"[0, 4, 9, 14]",12,"[160, 80, 80, 160, 80, 80, 80, 160, 80, 80, 80, 160]"
405,404,0__1-2__3__4-5__6__7__8__9-10__11__12__13__14-15,5.2227890069650185,0.8568704088645482,"[1, 4, 9, 14]",12,"[80, 160, 80, 160, 80, 80, 80, 160, 80, 80, 80, 160]"
406,405,0__1-2__3-4__5__6__7-8__9-10__11__12__13__14__15,5.223233018336291,0.8573144202358209,"[1, 3, 7, 9]",12,"[80, 160, 160, 80, 80, 160, 160, 80, 80, 80, 80, 80]"
407,406,0__1-2__3__4-5__6__7-8__9__10__11__12__13-14__15,5.225019136132383,0.859100538031913,"[1, 4, 7, 13]",12,"[80, 160, 80, 160, 80, 160, 80, 80, 80, 80, 160, 80]"
408,407,0__1-2__3__4-5__6__7__8-9__10__11__12__13-14__15,5.225133203224935,0.8592146051244649,"[1, 4, 8, 13]",12,"[80, 160, 80, 160, 80, 80, 160, 80, 80, 80, 160, 80]"
409,408,0-1__2__3__4-5__6__7-8__9__10__11__12__13-14__15,5.225848036194593,0.8599294380941229,"[0, 4, 7, 13]",12,"[160, 80, 80, 160, 80, 160, 80, 80, 80, 80, 160, 80]"
410,409,0__1-2__3__4-5__6__7__8__9__10__11-12__13-14__15,5.229227464569629,0.8633088664691586,"[1, 4, 11, 13]",12,"[80, 160, 80, 160, 80, 80, 80, 80, 80, 160, 160, 80]"
411,410,0-1__2__3__4-5__6__7-8__9__10__11__12__13__14-15,5.229731247921493,0.863812649821023,"[0, 4, 7, 14]",12,"[160, 80, 80, 160, 80, 160, 80, 80, 80, 80, 80, 160]"
412,411,0__1-2__3__4-5__6__7-8__9__10__11__12__13__14-15,5.230238847835089,0.864320249734619,"[1, 4, 7, 14]",12,"[80, 160, 80, 160, 80, 160, 80, 80, 80, 80, 80, 160]"
413,412,0-1__2-3__4__5__6__7__8-9__10__11-12__13__14__15,5.232816367088758,0.866897768988288,"[0, 2, 8, 11]",12,"[160, 160, 80, 80, 80, 80, 160, 80, 160, 80, 80, 80]"
414,413,0__1-2__3__4-5__6__7__8__9__10__11-12__13__14-15,5.2330223052732405,0.8671037071727703,"[1, 4, 11, 14]",12,"[80, 160, 80, 160, 80, 80, 80, 80, 80, 160, 80, 160]"
415,414,0-1__2__3__4-5__6__7__8-9__10__11__12__13-14__15,5.233512403911393,0.8675938058109232,"[0, 4, 8, 13]",12,"[160, 80, 80, 160, 80, 80, 160, 80, 80, 80, 160, 80]"
416,415,0-1__2-3__4-5__6__7__8-9__10__11__12__13__14__15,5.234719550038596,0.8688009519381259,"[0, 2, 4, 8]",12,"[160, 160, 160, 80, 80, 160, 80, 80, 80, 80, 80, 80]"
417,416,0__1__2-3__4-5__6__7__8-9__10-11__12__13__14__15,5.235018893304342,0.8691002952038716,"[2, 4, 8, 10]",12,"[80, 80, 160, 160, 80, 80, 160, 160, 80, 80, 80, 80]"
418,417,0__1__2-3__4-5__6__7__8__9__10-11__12-13__14__15,5.235077992212737,0.8691593941122671,"[2, 4, 10, 12]",12,"[80, 80, 160, 160, 80, 80, 80, 80, 160, 160, 80, 80]"
419,418,0-1__2__3-4__5__6__7__8__9__10-11__12__13-14__15,5.2358289878972,0.86991038979673,"[0, 3, 10, 13]",12,"[160, 80, 160, 80, 80, 80, 80, 80, 160, 80, 160, 80]"
420,419,0-1__2__3__4__5__6__7__8-9__10-11__12__13-14__15,5.235950645230499,0.8700320471300289,"[0, 8, 10, 13]",12,"[160, 80, 80, 80, 80, 80, 80, 160, 160, 80, 160, 80]"
421,420,0-1__2__3-4__5__6__7__8__9-10__11__12-13__14__15,5.236109617518539,0.8701910194180691,"[0, 3, 9, 12]",12,"[160, 80, 160, 80, 80, 80, 80, 160, 80, 160, 80, 80]"
422,421,0-1__2-3__4-5__6__7__8__9__10__11__12-13__14__15,5.237010623935614,0.8710920258351438,"[0, 2, 4, 12]",12,"[160, 160, 160, 80, 80, 80, 80, 80, 80, 160, 80, 80]"
423,422,0__1-2__3__4-5__6__7__8-9__10__11__12__13__14-15,5.237865936022001,0.8719473379215303,"[1, 4, 8, 14]",12,"[80, 160, 80, 160, 80, 80, 160, 80, 80, 80, 80, 160]"
424,423,0__1__2__3__4-5__6__7-8__9-10__11-12__13__14__15,5.239102618086023,0.873184019985553,"[4, 7, 9, 11]",12,"[80, 80, 80, 80, 160, 80, 160, 160, 160, 80, 80, 80]"
425,424,0-1__2__3-4__5__6__7__8__9-10__11-12__13__14__15,5.23937327794199,0.8734546798415197,"[0, 3, 9, 11]",12,"[160, 80, 160, 80, 80, 80, 80, 160, 160, 80, 80, 80]"
426,425,0__1-2__3-4__5__6__7__8__9__10__11-12__13-14__15,5.240031706622618,0.8741131085221481,"[1, 3, 11, 13]",12,"[80, 160, 160, 80, 80, 80, 80, 80, 80, 160, 160, 80]"
427,426,0-1__2-3__4__5__6__7__8-9__10-11__12__13__14__15,5.240898108552278,0.8749795104518077,"[0, 2, 8, 10]",12,"[160, 160, 80, 80, 80, 80, 160, 160, 80, 80, 80, 80]"
428,427,0__1-2__3__4__5__6__7__8-9__10-11__12__13-14__15,5.241324693226744,0.8754060951262739,"[1, 8, 10, 13]",12,"[80, 160, 80, 80, 80, 80, 80, 160, 160, 80, 160, 80]"
429,428,0-1__2__3-4__5__6__7__8__9__10__11-12__13-14__15,5.242263914203364,0.8763453161028938,"[0, 3, 11, 13]",12,"[160, 80, 160, 80, 80, 80, 80, 80, 80, 160, 160, 80]"
430,429,0-1__2__3__4__5__6__7-8__9__10-11__12__13-14__15,5.2425871939486655,0.8766685958481952,"[0, 7, 10, 13]",12,"[160, 80, 80, 80, 80, 80, 160, 80, 160, 80, 160, 80]"
431,430,0-1__2-3__4-5__6__7-8__9__10__11__12__13__14__15,5.245196671546496,0.8792780734460255,"[0, 2, 4, 7]",12,"[160, 160, 160, 80, 160, 80, 80, 80, 80, 80, 80, 80]"
432,431,0__1-2__3-4__5__6__7__8__9-10__11-12__13__14__15,5.24528881485045,0.8793702167499795,"[1, 3, 9, 11]",12,"[80, 160, 160, 80, 80, 80, 80, 160, 160, 80, 80, 80]"
433,432,0__1-2__3-4__5__6__7__8__9__10-11__12__13-14__15,5.245724534009558,0.8798059359090882,"[1, 3, 10, 13]",12,"[80, 160, 160, 80, 80, 80, 80, 80, 160, 80, 160, 80]"
434,433,0-1__2__3__4-5__6__7-8__9-10__11__12__13__14__15,5.245976155804049,0.8800575577035792,"[0, 4, 7, 9]",12,"[160, 80, 80, 160, 80, 160, 160, 80, 80, 80, 80, 80]"
435,434,0-1__2__3__4-5__6__7__8-9__10__11__12__13__14-15,5.246933409428899,0.8810148113284288,"[0, 4, 8, 14]",12,"[160, 80, 80, 160, 80, 80, 160, 80, 80, 80, 80, 160]"
436,435,0__1__2-3__4__5__6__7__8-9__10-11__12-13__14__15,5.248167411789283,0.8822488136888129,"[2, 8, 10, 12]",12,"[80, 80, 160, 80, 80, 80, 80, 160, 160, 160, 80, 80]"
437,436,0-1__2__3__4-5__6__7__8__9__10__11-12__13-14__15,5.248934310901899,0.8830157128014289,"[0, 4, 11, 13]",12,"[160, 80, 80, 160, 80, 80, 80, 80, 80, 160, 160, 80]"
438,437,0__1-2__3__4-5__6__7__8-9__10__11__12-13__14__15,5.250823072673988,0.884904474573518,"[1, 4, 8, 12]",12,"[80, 160, 80, 160, 80, 80, 160, 80, 80, 160, 80, 80]"
439,438,0__1-2__3__4__5__6__7-8__9__10-11__12__13-14__15,5.251338068923876,0.8854194708234058,"[1, 7, 10, 13]",12,"[80, 160, 80, 80, 80, 80, 160, 80, 160, 80, 160, 80]"
440,439,0__1__2-3__4-5__6__7-8__9__10-11__12__13__14__15,5.251608918489249,0.8856903203887789,"[2, 4, 7, 10]",12,"[80, 80, 160, 160, 80, 160, 80, 160, 80, 80, 80, 80]"
441,440,0-1__2__3__4-5__6__7-8__9__10__11__12-13__14__15,5.2519553012978415,0.8860367031973713,"[0, 4, 7, 12]",12,"[160, 80, 80, 160, 80, 160, 80, 80, 80, 160, 80, 80]"
442,441,0-1__2__3__4-5__6__7__8__9__10__11-12__13__14-15,5.25261777447116,0.8866991763706897,"[0, 4, 11, 14]",12,"[160, 80, 80, 160, 80, 80, 80, 80, 80, 160, 80, 160]"
443,442,0__1-2__3__4-5__6__7-8__9__10__11__12-13__14__15,5.253445089271224,0.8875264911707541,"[1, 4, 7, 12]",12,"[80, 160, 80, 160, 80, 160, 80, 80, 80, 160, 80, 80]"
444,443,0__1-2__3__4-5__6__7-8__9-10__11__12__13__14__15,5.255562768770219,0.8896441706697491,"[1, 4, 7, 9]",12,"[80, 160, 80, 160, 80, 160, 160, 80, 80, 80, 80, 80]"
445,444,0-1__2__3__4-5__6__7__8-9__10__11__12-13__14__15,5.256641436881684,0.8907228387812136,"[0, 4, 8, 12]",12,"[160, 80, 80, 160, 80, 80, 160, 80, 80, 160, 80, 80]"
446,445,0-1__2-3__4__5__6__7__8-9__10__11__12-13__14__15,5.256870660381,0.8909520622805296,"[0, 2, 8, 12]",12,"[160, 160, 80, 80, 80, 80, 160, 80, 80, 160, 80, 80]"
447,446,0-1__2-3__4-5__6__7__8__9__10__11-12__13__14__15,5.257408407776237,0.8914898096757664,"[0, 2, 4, 11]",12,"[160, 160, 160, 80, 80, 80, 80, 80, 160, 80, 80, 80]"
448,447,0__1-2__3__4-5__6__7__8__9-10__11-12__13__14__15,5.258407143903268,0.8924885458027978,"[1, 4, 9, 11]",12,"[80, 160, 80, 160, 80, 80, 80, 160, 160, 80, 80, 80]"
449,448,0-1__2-3__4__5__6__7-8__9__10__11-12__13__14__15,5.258683218634373,0.892764620533903,"[0, 2, 7, 11]",12,"[160, 160, 80, 80, 80, 160, 80, 80, 160, 80, 80, 80]"
450,449,0__1-2__3-4__5__6__7__8__9-10__11__12-13__14__15,5.259197026753355,0.8932784286528852,"[1, 3, 9, 12]",12,"[80, 160, 160, 80, 80, 80, 80, 160, 80, 160, 80, 80]"
451,450,0__1-2__3-4__5__6__7__8-9__10__11-12__13__14__15,5.260603884681112,0.8946852865806418,"[1, 3, 8, 11]",12,"[80, 160, 160, 80, 80, 80, 160, 80, 160, 80, 80, 80]"
452,451,0-1__2__3-4__5__6__7__8-9__10__11-12__13__14__15,5.262239131759689,0.8963205336592184,"[0, 3, 8, 11]",12,"[160, 80, 160, 80, 80, 80, 160, 80, 160, 80, 80, 80]"
453,452,0-1__2-3__4__5__6__7-8__9__10-11__12__13__14__15,5.2638949168625695,0.8979763187620993,"[0, 2, 7, 10]",12,"[160, 160, 80, 80, 80, 160, 80, 160, 80, 80, 80, 80]"
454,453,0-1__2__3-4__5__6__7__8-9__10__11__12-13__14__15,5.268886850493161,0.9029682523926912,"[0, 3, 8, 12]",12,"[160, 80, 160, 80, 80, 80, 160, 80, 80, 160, 80, 80]"
455,454,0-1__2__3-4__5__6__7__8-9__10-11__12__13__14__15,5.270226927912946,0.9043083298124754,"[0, 3, 8, 10]",12,"[160, 80, 160, 80, 80, 80, 160, 160, 80, 80, 80, 80]"
456,455,0__1__2__3-4__5__6__7__8-9__10-11__12-13__14__15,5.2712971882153585,0.9053785901148883,"[3, 8, 10, 12]",12,"[80, 80, 80, 160, 80, 80, 80, 160, 160, 160, 80, 80]"
457,456,0-1__2__3__4-5__6__7__8__9-10__11-12__13__14__15,5.274627356934757,0.9087087588342868,"[0, 4, 9, 11]",12,"[160, 80, 80, 160, 80, 80, 80, 160, 160, 80, 80, 80]"
458,457,0__1-2__3-4__5__6__7__8-9__10-11__12__13__14__15,5.274651957164179,0.9087333590637083,"[1, 3, 8, 10]",12,"[80, 160, 160, 80, 80, 80, 160, 160, 80, 80, 80, 80]"
459,458,0__1__2__3__4-5__6__7-8__9__10-11__12__13-14__15,5.275901504043027,0.9099829059425568,"[4, 7, 10, 13]",12,"[80, 80, 80, 80, 160, 80, 160, 80, 160, 80, 160, 80]"
460,459,0__1__2-3__4__5__6__7-8__9__10-11__12-13__14__15,5.27703554119882,0.9111169430983495,"[2, 7, 10, 12]",12,"[80, 80, 160, 80, 80, 80, 160, 80, 160, 160, 80, 80]"
461,460,0__1__2__3__4-5__6__7__8-9__10-11__12__13-14__15,5.277952059040088,0.9120334609396181,"[4, 8, 10, 13]",12,"[80, 80, 80, 80, 160, 80, 80, 160, 160, 80, 160, 80]"
462,461,0-1__2__3-4__5__6__7-8__9__10__11-12__13__14__15,5.278495639883062,0.9125770417825914,"[0, 3, 7, 11]",12,"[160, 80, 160, 80, 80, 160, 80, 80, 160, 80, 80, 80]"
463,462,0__1__2__3__4-5__6__7-8__9__10-11__12__13__14-15,5.279512077249507,0.9135934791490365,"[4, 7, 10, 14]",12,"[80, 80, 80, 80, 160, 80, 160, 80, 160, 80, 80, 160]"
464,463,0-1__2-3__4__5__6__7-8__9__10__11__12-13__14__15,5.279649736827653,0.9137311387271829,"[0, 2, 7, 12]",12,"[160, 160, 80, 80, 80, 160, 80, 80, 80, 160, 80, 80]"
465,464,0__1-2__3-4__5__6__7-8__9__10__11-12__13__14__15,5.280402538713472,0.9144839406130014,"[1, 3, 7, 11]",12,"[80, 160, 160, 80, 80, 160, 80, 80, 160, 80, 80, 80]"
466,465,0-1__2__3-4__5__6__7-8__9__10__11__12-13__14__15,5.281527044253382,0.9156084461529117,"[0, 3, 7, 12]",12,"[160, 80, 160, 80, 80, 160, 80, 80, 80, 160, 80, 80]"
467,466,0__1-2__3-4__5__6__7__8-9__10__11__12-13__14__15,5.281989545067034,0.9160709469665642,"[1, 3, 8, 12]",12,"[80, 160, 160, 80, 80, 80, 160, 80, 80, 160, 80, 80]"
468,467,0-1__2__3-4__5__6__7-8__9__10-11__12__13__14__15,5.282556725853466,0.9166381277529956,"[0, 3, 7, 10]",12,"[160, 80, 160, 80, 80, 160, 80, 160, 80, 80, 80, 80]"
469,468,0__1-2__3__4-5__6__7__8__9__10-11__12__13-14__15,5.283641989979227,0.9177233918787566,"[1, 4, 10, 13]",12,"[80, 160, 80, 160, 80, 80, 80, 80, 160, 80, 160, 80]"
470,469,0-1__2-3__4-5__6__7__8__9__10-11__12__13__14__15,5.283675740541251,0.9177571424407809,"[0, 2, 4, 10]",12,"[160, 160, 160, 80, 80, 80, 80, 160, 80, 80, 80, 80]"
471,470,0__1-2__3__4-5__6__7__8-9__10__11-12__13__14__15,5.284327536384382,0.9184089382839113,"[1, 4, 8, 11]",12,"[80, 160, 80, 160, 80, 80, 160, 80, 160, 80, 80, 80]"
472,471,0-1__2__3__4__5__6__7__8-9__10-11__12-13__14__15,5.285578008504441,0.9196594104039706,"[0, 8, 10, 12]",12,"[160, 80, 80, 80, 80, 80, 80, 160, 160, 160, 80, 80]"
473,472,0__1-2__3__4-5__6__7-8__9__10__11-12__13__14__15,5.288814402978325,0.9228958048778546,"[1, 4, 7, 11]",12,"[80, 160, 80, 160, 80, 160, 80, 80, 160, 80, 80, 80]"
474,473,0-1__2-3__4__5__6__7__8__9__10-11__12-13__14__15,5.290413360092297,0.9244947619918271,"[0, 2, 10, 12]",12,"[160, 160, 80, 80, 80, 80, 80, 80, 160, 160, 80, 80]"
475,474,0__1-2__3__4-5__6__7__8__9__10-11__12__13__14-15,5.2908305385362135,0.9249119404357433,"[1, 4, 10, 14]",12,"[80, 160, 80, 160, 80, 80, 80, 80, 160, 80, 80, 160]"
476,475,0__1__2__3__4-5__6__7__8-9__10-11__12__13__14-15,5.291587225502886,0.9256686274024162,"[4, 8, 10, 14]",12,"[80, 80, 80, 80, 160, 80, 80, 160, 160, 80, 80, 160]"
477,476,0__1-2__3__4__5__6__7__8-9__10-11__12-13__14__15,5.291820122466176,0.925901524365706,"[1, 8, 10, 12]",12,"[80, 160, 80, 80, 80, 80, 80, 160, 160, 160, 80, 80]"
478,477,0__1__2__3__4-5__6__7__8-9__10-11__12-13__14__15,5.292506732549136,0.9265881344486662,"[4, 8, 10, 12]",12,"[80, 80, 80, 80, 160, 80, 80, 160, 160, 160, 80, 80]"
479,478,0__1-2__3-4__5__6__7-8__9__10-11__12__13__14__15,5.293742669759025,0.9278240716585548,"[1, 3, 7, 10]",12,"[80, 160, 160, 80, 80, 160, 80, 160, 80, 80, 80, 80]"
480,479,0__1__2__3-4__5__6__7-8__9__10-11__12-13__14__15,5.294766201884399,0.9288476037839288,"[3, 7, 10, 12]",12,"[80, 80, 80, 160, 80, 80, 160, 80, 160, 160, 80, 80]"
481,480,0-1__2__3__4-5__6__7__8__9__10-11__12__13-14__15,5.296645498695262,0.9307269005947916,"[0, 4, 10, 13]",12,"[160, 80, 80, 160, 80, 80, 80, 80, 160, 80, 160, 80]"
482,481,0-1__2__3__4__5__6__7-8__9__10-11__12-13__14__15,5.297883331600872,0.9319647335004015,"[0, 7, 10, 12]",12,"[160, 80, 80, 80, 80, 80, 160, 80, 160, 160, 80, 80]"
483,482,0__1-2__3-4__5__6__7-8__9__10__11__12-13__14__15,5.297932389894189,0.932013791793719,"[1, 3, 7, 12]",12,"[80, 160, 160, 80, 80, 160, 80, 80, 80, 160, 80, 80]"
484,483,0__1__2__3__4-5__6__7-8__9__10-11__12-13__14__15,5.298259691758589,0.9323410936581187,"[4, 7, 10, 12]",12,"[80, 80, 80, 80, 160, 80, 160, 80, 160, 160, 80, 80]"
485,484,0__1-2__3__4-5__6__7__8__9__10-11__12-13__14__15,5.304102593269982,0.9381839951695117,"[1, 4, 10, 12]",12,"[80, 160, 80, 160, 80, 80, 80, 80, 160, 160, 80, 80]"
486,485,0-1__2__3__4-5__6__7-8__9__10__11-12__13__14__15,5.305947999683876,0.9400294015834056,"[0, 4, 7, 11]",12,"[160, 80, 80, 160, 80, 160, 80, 80, 160, 80, 80, 80]"
487,486,0__1-2__3__4__5__6__7-8__9__10-11__12-13__14__15,5.30720132024174,0.9412827221412696,"[1, 7, 10, 12]",12,"[80, 160, 80, 80, 80, 80, 160, 80, 160, 160, 80, 80]"
488,487,0-1__2__3__4-5__6__7__8__9__10-11__12__13__14-15,5.307507697671273,0.9415890995708027,"[0, 4, 10, 14]",12,"[160, 80, 80, 160, 80, 80, 80, 80, 160, 80, 80, 160]"
489,488,0-1__2__3__4-5__6__7__8-9__10__11-12__13__14__15,5.309282554559344,0.9433639564588736,"[0, 4, 8, 11]",12,"[160, 80, 80, 160, 80, 80, 160, 80, 160, 80, 80, 80]"
490,489,0-1__2__3__4-5__6__7__8__9__10-11__12-13__14__15,5.313866260580769,0.9479476624802992,"[0, 4, 10, 12]",12,"[160, 80, 80, 160, 80, 80, 80, 80, 160, 160, 80, 80]"
491,490,0-1__2__3-4__5__6__7__8__9__10-11__12-13__14__15,5.316498746620245,0.9505801485197747,"[0, 3, 10, 12]",12,"[160, 80, 160, 80, 80, 80, 80, 80, 160, 160, 80, 80]"
492,491,0__1-2__3-4__5__6__7__8__9__10-11__12-13__14__15,5.3264569564998325,0.9605383583993623,"[1, 3, 10, 12]",12,"[80, 160, 160, 80, 80, 80, 80, 80, 160, 160, 80, 80]"
493,492,0__1-2__3__4-5__6__7__8-9__10-11__12__13__14__15,5.357865345210041,0.9919467471095711,"[1, 4, 8, 10]",12,"[80, 160, 80, 160, 80, 80, 160, 160, 80, 80, 80, 80]"
494,493,0__1-2__3__4-5__6__7-8__9__10-11__12__13__14__15,5.358721568554144,0.992802970453674,"[1, 4, 7, 10]",12,"[80, 160, 80, 160, 80, 160, 80, 160, 80, 80, 80, 80]"
495,494,0-1__2__3__4-5__6__7-8__9__10-11__12__13__14__15,5.369037552662959,1.0031189545624883,"[0, 4, 7, 10]",12,"[160, 80, 80, 160, 80, 160, 80, 160, 80, 80, 80, 80]"
496,495,0-1__2__3__4-5__6__7__8-9__10-11__12__13__14__15,5.379075417187673,1.013156819087203,"[0, 4, 8, 10]",12,"[160, 80, 80, 160, 80, 80, 160, 160, 80, 80, 80, 80]"
