k,partition_id,roles,predicted_rank,predicted_score,actual_nll,actual_delta_nll,merged_boundaries
1,0__1__2__3__4__5__6-7__8__9__10__11__12__13__14__15,['exhaustive_transfer'],1,-0.110970718105,4.3037794002223455,0.05679866785178067,[6]
1,0__1__2__3__4__5-6__7__8__9__10__11__12__13__14__15,['exhaustive_transfer'],2,-0.08067637319,4.307467332450292,0.06048660007972728,[5]
1,0__1__2__3__4__5__6__7__8__9__10__11__12__13__14-15,['exhaustive_transfer'],3,-0.048759328166,4.296553630866147,0.04957289849558233,[14]
1,0__1__2__3__4__5__6__7__8__9__10__11__12__13-14__15,['exhaustive_transfer'],4,-0.02582745628,4.305526440211172,0.058545707840607086,[13]
1,0__1__2__3__4__5__6__7__8__9-10__11__12__13__14__15,['exhaustive_transfer'],5,-0.010460237875,4.301559976352158,0.05457924398159353,[9]
1,0__1__2-3__4__5__6__7__8__9__10__11__12__13__14__15,['exhaustive_transfer'],6,-0.009043374151,4.322467908365169,0.07548717599460453,[2]
1,0__1__2__3__4__5__6__7__8-9__10__11__12__13__14__15,['exhaustive_transfer'],7,0.012565834373,4.305675335060933,0.05869460269036786,[8]
1,0__1__2__3-4__5__6__7__8__9__10__11__12__13__14__15,['exhaustive_transfer'],8,0.01554974339,4.3193777061977,0.07239697382713484,[3]
1,0__1__2__3__4__5__6__7__8__9__10__11__12-13__14__15,['exhaustive_transfer'],9,0.019608959254,4.328669878977368,0.08168914660680304,[12]
1,0__1__2__3__4__5__6__7-8__9__10__11__12__13__14__15,['exhaustive_transfer'],10,0.020411593167,4.317088620753582,0.07010788838301707,[7]
1,0__1__2__3__4__5__6__7__8__9__10__11-12__13__14__15,['exhaustive_transfer'],11,0.027511832245,4.3265660557229495,0.07958532335238466,[11]
1,0__1__2__3__4-5__6__7__8__9__10__11__12__13__14__15,['exhaustive_transfer'],12,0.043870309768,4.322397918645238,0.07541718627467286,[4]
1,0-1__2__3__4__5__6__7__8__9__10__11__12__13__14__15,['exhaustive_transfer'],13,0.04457002185,4.324917032571832,0.07793630020126674,[0]
1,0__1-2__3__4__5__6__7__8__9__10__11__12__13__14__15,['exhaustive_transfer'],14,0.046938516822,4.3181972820621315,0.07121654969156666,[1]
1,0__1__2__3__4__5__6__7__8__9__10-11__12__13__14__15,['exhaustive_transfer'],15,0.054710676897,4.3151140213012695,0.0681332889307047,[10]
2,0-1__2__3__4-5__6__7__8__9__10__11__12__13__14__15,['target_bottom'],87,0.088440331618,4.478379057998881,0.23139832562831586,"[0, 4]"
2,0-1__2__3__4__5-6__7__8__9__10__11__12__13__14__15,['uniform_transfer'],26,-0.036106351339,4.440395618114303,0.19341488574373855,"[0, 5]"
2,0-1__2__3__4__5__6__7__8-9__10__11__12__13__14__15,['uniform_transfer'],70,0.057135856223,4.445044187040506,0.19806345466994113,"[0, 8]"
2,0-1__2__3__4__5__6__7__8__9__10-11__12__13__14__15,['target_bottom'],90,0.099280698747,4.464193187034957,0.21721245466439232,"[0, 10]"
2,0-1__2__3__4__5__6__7__8__9__10__11__12-13__14__15,['uniform_transfer'],75,0.064178981105,4.468770131570736,0.22178939920017093,"[0, 12]"
2,0-1__2__3__4__5__6__7__8__9__10__11__12__13-14__15,['uniform_transfer'],52,0.018742565571,4.43842956583987,0.1914488334693054,"[0, 13]"
2,0__1-2__3-4__5__6__7__8__9__10__11__12__13__14__15,['uniform_transfer'],73,0.062488260212,4.46636330603621,0.21938257366564518,"[1, 3]"
2,0__1-2__3__4-5__6__7__8__9__10__11__12__13__14__15,"['target_bottom', 'uniform_transfer']",88,0.09080882659,4.467491844415898,0.22051111204533314,"[1, 4]"
2,0__1-2__3__4__5-6__7__8__9__10__11__12__13__14__15,['uniform_transfer'],28,-0.033737856368,4.429869009952042,0.18288827758147708,"[1, 5]"
2,0__1-2__3__4__5__6-7__8__9__10__11__12__13__14__15,['uniform_transfer'],17,-0.064032201283,4.417998805656694,0.17101807328612928,"[1, 6]"
2,0__1-2__3__4__5__6__7-8__9__10__11__12__13__14__15,['uniform_transfer'],80,0.067350109989,4.450779463655206,0.20379873128464077,"[1, 7]"
2,0__1-2__3__4__5__6__7__8__9__10-11__12__13__14__15,"['target_bottom', 'uniform_transfer']",91,0.101649193719,4.460360662212353,0.21337992984178822,"[1, 10]"
2,0__1-2__3__4__5__6__7__8__9__10__11__12__13__14-15,['uniform_transfer'],40,-0.001820811344,4.421690971620621,0.17471023925005635,"[1, 14]"
2,0__1__2-3__4__5-6__7__8__9__10__11__12__13__14__15,['uniform_transfer'],11,-0.089719747341,4.424879327664044,0.1778985952934793,"[2, 5]"
2,0__1__2-3__4__5__6-7__8__9__10__11__12__13__14__15,"['target_top', 'uniform_transfer']",5,-0.120014092256,4.419554965820014,0.1725742334494491,"[2, 6]"
2,0__1__2-3__4__5__6__7-8__9__10__11__12__13__14__15,"['target_middle', 'uniform_transfer']",48,0.011368219016,4.4550512272824525,0.20807049491188767,"[2, 7]"
2,0__1__2-3__4__5__6__7__8__9-10__11__12__13__14__15,['uniform_transfer'],34,-0.019503612026,4.427950802203614,0.18097006983304897,"[2, 9]"
2,0__1__2-3__4__5__6__7__8__9__10__11__12-13__14__15,['target_middle'],47,0.010565585103,4.473352007618864,0.22637127524829914,"[2, 12]"
2,0__1__2__3-4__5__6-7__8__9__10__11__12__13__14__15,['target_top'],8,-0.095420974715,4.41624660622456,0.16926587385399472,"[3, 6]"
2,0__1__2__3-4__5__6__7-8__9__10__11__12__13__14__15,['uniform_transfer'],62,0.035961336557,4.449668195823304,0.20268746345273936,"[3, 7]"
2,0__1__2__3-4__5__6__7__8__9__10__11__12-13__14__15,['uniform_transfer'],60,0.035158702644,4.469280438688843,0.2222997063182781,"[3, 12]"
2,0__1__2__3-4__5__6__7__8__9__10__11__12__13__14-15,['uniform_transfer'],29,-0.033209584776,4.413793287901818,0.16681255553125318,"[3, 14]"
2,0__1__2__3__4-5__6-7__8__9__10__11__12__13__14__15,['uniform_transfer'],14,-0.067100408338,4.4220927691529575,0.17511203678239262,"[4, 6]"
2,0__1__2__3__4-5__6__7__8-9__10__11__12__13__14__15,['uniform_transfer'],69,0.05643614414,4.446599957064333,0.1996192246937678,"[4, 8]"
2,0__1__2__3__4-5__6__7__8__9__10-11__12__13__14__15,"['target_bottom', 'uniform_transfer']",89,0.098580986664,4.467358921513413,0.22037818914284824,"[4, 10]"
2,0__1__2__3__4-5__6__7__8__9__10__11-12__13__14__15,['uniform_transfer'],82,0.071382142013,4.467140552468547,0.22015982009798218,"[4, 11]"
2,0__1__2__3__4__5-6__7__8__9-10__11__12__13__14__15,"['target_top', 'uniform_transfer']",10,-0.091136611065,4.4069541682246145,0.15997343585404966,"[5, 9]"
2,0__1__2__3__4__5-6__7__8__9__10__11__12__13-14__15,['target_top'],6,-0.106503829469,4.407361014264536,0.16038028189397124,"[5, 13]"
2,0__1__2__3__4__5-6__7__8__9__10__11__12__13__14-15,['target_top'],3,-0.129435701355,4.39870085021734,0.15172011784677508,"[5, 14]"
2,0__1__2__3__4__5__6-7__8-9__10__11__12__13__14__15,['target_top'],7,-0.098404883732,4.400114163858333,0.1531334314877686,"[6, 8]"
2,0__1__2__3__4__5__6-7__8__9-10__11__12__13__14__15,['target_top'],4,-0.12143095598,4.398566717276475,0.15158598490591046,"[6, 9]"
2,0__1__2__3__4__5__6-7__8__9__10-11__12__13__14__15,['uniform_transfer'],22,-0.056260041208,4.415024173807422,0.1680434414368568,"[6, 10]"
2,0__1__2__3__4__5__6-7__8__9__10__11__12-13__14__15,['target_top'],9,-0.091361758851,4.426859101475392,0.17987836910482713,"[6, 12]"
2,0__1__2__3__4__5__6-7__8__9__10__11__12__13-14__15,['target_top'],2,-0.136798174385,4.400697289557285,0.15371655718672006,"[6, 13]"
2,0__1__2__3__4__5__6-7__8__9__10__11__12__13__14-15,['target_top'],1,-0.159730046271,4.386670814581281,0.13969008221071633,"[6, 14]"
2,0__1__2__3__4__5__6__7-8__9-10__11__12__13__14__15,['target_middle'],46,0.009951355292,4.419130145862538,0.1721494134919732,"[7, 9]"
2,0__1__2__3__4__5__6__7-8__9__10__11__12-13__14__15,['uniform_transfer'],64,0.040020552422,4.460696056324949,0.21371532395438386,"[7, 12]"
2,0__1__2__3__4__5__6__7__8-9__10__11__12__13-14__15,['uniform_transfer'],35,-0.013261621907,4.41536917364842,0.16838844127785535,"[8, 13]"
2,0__1__2__3__4__5__6__7__8__9-10__11__12-13__14__15,"['target_middle', 'uniform_transfer']",45,0.009148721379,4.43717791817405,0.190197185803485,"[9, 12]"
2,0__1__2__3__4__5__6__7__8__9-10__11__12__13-14__15,['uniform_transfer'],24,-0.036287694155,4.412682119818843,0.16570138744827823,"[9, 13]"
2,0__1__2__3__4__5__6__7__8__9-10__11__12__13__14-15,['uniform_transfer'],20,-0.059219566041,4.393119915955694,0.14613918358512912,"[9, 14]"
2,0__1__2__3__4__5__6__7__8__9__10-11__12-13__14__15,['uniform_transfer'],84,0.074319636151,4.463160874673465,0.21618014230289972,"[10, 12]"
2,0__1__2__3__4__5__6__7__8__9__10-11__12__13__14-15,['target_middle'],44,0.005951348731,4.412264506954369,0.16528377458380383,"[10, 14]"
6,0-1__2-3__4-5__6-7__8-9__10__11__12__13__14-15,['uniform_transfer'],26,-0.067767254431,6.0382253464132924,1.7912446140427276,"[0, 2, 4, 6, 8, 14]"
6,0-1__2-3__4-5__6-7__8__9-10__11__12__13__14-15,['target_top'],9,-0.090793326679,5.97034192761135,1.723361195240785,"[0, 2, 4, 6, 9, 14]"
6,0-1__2-3__4-5__6__7-8__9-10__11__12__13-14__15,['uniform_transfer'],169,0.063520856479,6.2323081052897615,1.9853273729191967,"[0, 2, 4, 7, 9, 13]"
6,0-1__2-3__4-5__6__7-8__9-10__11__12__13__14-15,['uniform_transfer'],157,0.040588984593,6.203770178853592,1.956789446483027,"[0, 2, 4, 7, 9, 14]"
6,0-1__2-3__4-5__6__7-8__9__10-11__12-13__14__15,['target_bottom'],210,0.174128186785,6.421390873712295,2.1744101413417303,"[0, 2, 4, 7, 10, 12]"
6,0-1__2-3__4-5__6__7-8__9__10-11__12__13-14__15,['uniform_transfer'],205,0.128691771252,6.391093967247569,2.144113234877004,"[0, 2, 4, 7, 10, 13]"
6,0-1__2-3__4-5__6__7__8-9__10-11__12-13__14__15,['target_bottom'],209,0.166282427991,6.3641036165075215,2.1171228841369567,"[0, 2, 4, 8, 10, 12]"
6,0-1__2-3__4__5-6__7-8__9-10__11__12-13__14__15,['target_middle'],107,-0.015589410944,5.975168028651561,1.7281872962809963,"[0, 2, 5, 7, 9, 12]"
6,0-1__2-3__4__5-6__7-8__9__10-11__12__13__14-15,['target_middle'],106,-0.018786783592,6.0534286983784575,1.8064479660078927,"[0, 2, 5, 7, 10, 14]"
6,0-1__2-3__4__5-6__7__8-9__10-11__12-13__14__15,['uniform_transfer'],159,0.041735745034,6.093682125982768,1.8467013936122028,"[0, 2, 5, 8, 10, 12]"
6,0-1__2-3__4__5-6__7__8-9__10__11-12__13__14-15,['uniform_transfer'],51,-0.053831387038,5.986408655477992,1.739427923107427,"[0, 2, 5, 8, 11, 14]"
6,0-1__2-3__4__5-6__7__8__9-10__11-12__13-14__15,['uniform_transfer'],49,-0.0539255874,5.908618447834212,1.6616377154636472,"[0, 2, 5, 9, 11, 13]"
6,0-1__2-3__4__5-6__7__8__9__10-11__12-13__14-15,['target_middle'],103,-0.019589417505,5.979016520294159,1.7320357879235946,"[0, 2, 5, 10, 12, 14]"
6,0-1__2-3__4__5__6-7__8-9__10__11-12__13-14__15,['uniform_transfer'],32,-0.061193860067,6.006316102961058,1.7593353705904935,"[0, 2, 6, 8, 11, 13]"
6,0-1__2-3__4__5__6-7__8-9__10__11-12__13__14-15,['uniform_transfer'],17,-0.084125731953,5.940108127724507,1.693127395353942,"[0, 2, 6, 8, 11, 14]"
6,0-1__2-3__4__5__6-7__8-9__10__11__12-13__14-15,['target_top'],8,-0.092028604944,5.982734330588422,1.7357535982178574,"[0, 2, 6, 8, 12, 14]"
6,0-1__2-3__4__5__6-7__8__9-10__11-12__13__14-15,['target_top'],5,-0.107151804201,5.866786788052944,1.6198060556823792,"[0, 2, 6, 9, 11, 14]"
6,0-1__2-3__4__5__6-7__8__9-10__11__12-13__14-15,"['target_top', 'uniform_transfer']",2,-0.115054677192,5.909478739442947,1.662498007072382,"[0, 2, 6, 9, 12, 14]"
6,0-1__2__3-4__5-6__7-8__9-10__11__12__13-14__15,['uniform_transfer'],70,-0.036432708937,6.025483449766247,1.778502717395682,"[0, 3, 5, 7, 9, 13]"
6,0-1__2__3-4__5__6-7__8-9__10-11__12-13__14__15,['uniform_transfer'],154,0.036034517659,6.196988737827872,1.950008005457307,"[0, 3, 6, 8, 10, 12]"
6,0-1__2__3-4__5__6-7__8-9__10-11__12__13__14-15,['uniform_transfer'],76,-0.032333769761,6.080193061399786,1.8332123290292213,"[0, 3, 6, 8, 10, 14]"
6,0-1__2__3-4__5__6-7__8__9-10__11__12-13__14-15,['target_top'],10,-0.090461559652,6.004339865109322,1.757359132738757,"[0, 3, 6, 9, 12, 14]"
6,0-1__2__3-4__5__6__7-8__9__10-11__12-13__14-15,['uniform_transfer'],199,0.106091666393,6.390559444446135,2.14357871207557,"[0, 3, 7, 10, 12, 14]"
6,0-1__2__3__4-5__6-7__8-9__10__11-12__13-14__15,['uniform_transfer'],110,-0.008280176149,6.170530697700448,1.923549965329883,"[0, 4, 6, 8, 11, 13]"
6,0-1__2__3__4-5__6-7__8-9__10__11-12__13__14-15,['uniform_transfer'],78,-0.031212048035,6.216282394274939,1.9693016619043737,"[0, 4, 6, 8, 11, 14]"
6,0-1__2__3__4-5__6__7-8__9__10-11__12-13__14-15,['target_bottom'],207,0.134412232771,6.452331332284102,2.2053505999135368,"[0, 4, 7, 10, 12, 14]"
6,0-1__2__3__4__5-6__7-8__9-10__11-12__13__14-15,['uniform_transfer'],61,-0.047402491968,6.015659850596916,1.768679118226351,"[0, 5, 7, 9, 11, 14]"
6,0__1-2__3-4__5-6__7-8__9-10__11__12__13-14__15,['uniform_transfer'],74,-0.034064213965,6.120208494124874,1.8732277617543094,"[1, 3, 5, 7, 9, 13]"
6,0__1-2__3-4__5-6__7-8__9__10__11-12__13__14-15,['target_middle'],105,-0.019024015731,6.168047600128085,1.9210668677575198,"[1, 3, 5, 7, 11, 14]"
6,0__1-2__3-4__5-6__7__8-9__10__11-12__13-14__15,['uniform_transfer'],116,-0.003937902639,6.1653643978189745,1.9183836654484097,"[1, 3, 5, 8, 11, 13]"
6,0__1-2__3-4__5-6__7__8__9-10__11__12-13__14-15,['uniform_transfer'],40,-0.057798719765,6.0502547173672525,1.8032739849966877,"[1, 3, 5, 9, 12, 14]"
6,0__1-2__3-4__5__6-7__8-9__10-11__12-13__14__15,['uniform_transfer'],155,0.038403012631,6.273734892568281,2.026754160197716,"[1, 3, 6, 8, 10, 12]"
6,0__1-2__3-4__5__6-7__8-9__10__11-12__13-14__15,['uniform_transfer'],73,-0.034232247555,6.145473009446966,1.898492277076401,"[1, 3, 6, 8, 11, 13]"
6,0__1-2__3-4__5__6-7__8__9__10-11__12-13__14-15,['uniform_transfer'],99,-0.022922149908,6.159580295969198,1.9125995635986328,"[1, 3, 6, 10, 12, 14]"
6,0__1-2__3__4-5__6-7__8-9__10__11__12-13__14-15,['uniform_transfer'],68,-0.036746426054,6.15369625128842,1.9067155189178555,"[1, 4, 6, 8, 12, 14]"
6,0__1-2__3__4-5__6-7__8__9-10__11-12__13__14-15,['uniform_transfer'],56,-0.051869625311,6.137884103657563,1.8909033712869983,"[1, 4, 6, 9, 11, 14]"
6,0__1-2__3__4-5__6__7-8__9__10-11__12-13__14-15,"['target_bottom', 'uniform_transfer']",208,0.136780727742,6.483813387441029,2.2368326550704642,"[1, 4, 7, 10, 12, 14]"
6,0__1-2__3__4-5__6__7__8-9__10-11__12-13__14-15,['target_bottom'],206,0.128934968948,6.467097536909265,2.2201168045387005,"[1, 4, 8, 10, 12, 14]"
6,0__1-2__3__4__5-6__7-8__9-10__11__12-13__14-15,['uniform_transfer'],53,-0.052936869987,6.035339006813624,1.788358274443059,"[1, 5, 7, 9, 12, 14]"
6,0__1__2-3__4-5__6-7__8-9__10__11-12__13__14-15,['uniform_transfer'],13,-0.084825444036,5.9832729887752585,1.7362922564046936,"[2, 4, 6, 8, 11, 14]"
6,0__1__2-3__4-5__6-7__8-9__10__11__12-13__14-15,['target_top'],7,-0.092728317027,5.989823981813672,1.7428432494431068,"[2, 4, 6, 8, 12, 14]"
6,0__1__2-3__4-5__6-7__8__9-10__11-12__13__14-15,['target_top'],4,-0.107851516284,5.916925918787922,1.6699451864173573,"[2, 4, 6, 9, 11, 14]"
6,0__1__2-3__4-5__6-7__8__9-10__11__12-13__14-15,['target_top'],1,-0.115754389275,5.924141807406995,1.6771610750364303,"[2, 4, 6, 9, 12, 14]"
6,0__1__2-3__4__5-6__7-8__9-10__11-12__13__14-15,['target_top'],6,-0.101015887969,5.913306748062984,1.6663260156924196,"[2, 5, 7, 9, 11, 14]"
6,0__1__2-3__4__5-6__7-8__9-10__11__12-13__14-15,['target_top'],3,-0.10891876096,5.93578340860406,1.688802676233495,"[2, 5, 7, 9, 12, 14]"
6,0__1__2-3__4__5-6__7-8__9__10-11__12-13__14-15,['uniform_transfer'],65,-0.043747846188,6.037132366661452,1.7901516342908872,"[2, 5, 7, 10, 12, 14]"
6,0__1__2__3-4__5-6__7-8__9-10__11__12-13__14-15,['uniform_transfer'],15,-0.084325643419,6.035885386686055,1.7889046543154903,"[3, 5, 7, 9, 12, 14]"
6,0__1__2__3-4__5-6__7-8__9__10-11__12-13__14-15,['target_middle'],104,-0.019154728647,6.159854977478147,1.9128742451075817,"[3, 5, 7, 10, 12, 14]"
7,0-1__2-3__4-5__6-7__8__9-10__11__12-13__14-15,['exhaustive_transfer'],1,-0.071184367425,6.866683461216304,2.6197027288457395,"[0, 2, 4, 6, 9, 12, 14]"
7,0-1__2-3__4__5-6__7-8__9-10__11__12-13__14-15,['exhaustive_transfer'],2,-0.06434873911,6.831242545492372,2.584261813121807,"[0, 2, 5, 7, 9, 12, 14]"
7,0-1__2-3__4-5__6-7__8__9-10__11-12__13__14-15,['exhaustive_transfer'],3,-0.063281494434,6.840687948471174,2.5937072161006087,"[0, 2, 4, 6, 9, 11, 14]"
7,0-1__2-3__4__5-6__7-8__9-10__11-12__13__14-15,['exhaustive_transfer'],4,-0.056445866119,6.780580287571643,2.5335995552010786,"[0, 2, 5, 7, 9, 11, 14]"
7,0-1__2-3__4-5__6-7__8-9__10__11__12-13__14-15,['exhaustive_transfer'],5,-0.048158295177,7.021049551716764,2.7740688193461995,"[0, 2, 4, 6, 8, 12, 14]"
7,0-1__2-3__4-5__6-7__8__9-10__11-12__13-14__15,['exhaustive_transfer'],6,-0.040349622548,6.8448353727309,2.5978546403603353,"[0, 2, 4, 6, 9, 11, 13]"
7,0-1__2-3__4-5__6-7__8-9__10__11-12__13__14-15,['exhaustive_transfer'],7,-0.040255422186,7.000225321638269,2.7532445892677044,"[0, 2, 4, 6, 8, 11, 14]"
7,0-1__2__3-4__5-6__7-8__9-10__11__12-13__14-15,['exhaustive_transfer'],8,-0.039755621569,6.966231724616952,2.719250992246387,"[0, 3, 5, 7, 9, 12, 14]"
7,0__1__2-3__4-5__6-7__8-9__10-11__12-13__14-15,['exhaustive_transfer'],9,-0.03801764013,7.06302288760188,2.8160421552313153,"[2, 4, 6, 8, 10, 12, 14]"
7,0__1-2__3-4__5-6__7-8__9-10__11__12-13__14-15,['exhaustive_transfer'],10,-0.037387126597,7.155996690863854,2.9090159584932893,"[1, 3, 5, 7, 9, 12, 14]"
7,0-1__2-3__4__5__6-7__8-9__10-11__12-13__14-15,['exhaustive_transfer'],11,-0.037317928048,6.962353822888983,2.715373090518418,"[0, 2, 6, 8, 10, 12, 14]"
7,0-1__2-3__4__5-6__7-8__9-10__11-12__13-14__15,['exhaustive_transfer'],12,-0.033513994232,6.815954377108189,2.568973644737624,"[0, 2, 5, 7, 9, 11, 13]"
7,0-1__2__3-4__5-6__7-8__9-10__11-12__13__14-15,['exhaustive_transfer'],13,-0.031852748578,6.969464102565135,2.7224833701945705,"[0, 3, 5, 7, 9, 11, 14]"
7,0__1-2__3-4__5-6__7-8__9-10__11-12__13__14-15,['exhaustive_transfer'],14,-0.029484253606,7.122254503087913,2.8752737707173486,"[1, 3, 5, 7, 9, 11, 14]"
7,0-1__2-3__4-5__6-7__8-9__10__11-12__13-14__15,['exhaustive_transfer'],15,-0.0173235503,7.006945675302694,2.759964942932129,"[0, 2, 4, 6, 8, 11, 13]"
7,0-1__2-3__4-5__6-7__8-9__10-11__12__13__14-15,['exhaustive_transfer'],16,-0.013056577534,7.090818448966316,2.8438377165957514,"[0, 2, 4, 6, 8, 10, 14]"
7,0-1__2__3-4__5__6-7__8-9__10-11__12-13__14-15,['exhaustive_transfer'],17,-0.012724810507,7.147314534975053,2.9003338026044885,"[0, 3, 6, 8, 10, 12, 14]"
7,0__1-2__3-4__5__6-7__8-9__10-11__12-13__14-15,['exhaustive_transfer'],18,-0.010356315535,7.286019770863701,3.0390390384931365,"[1, 3, 6, 8, 10, 12, 14]"
7,0-1__2__3-4__5-6__7-8__9-10__11-12__13-14__15,['exhaustive_transfer'],19,-0.008920876692,6.966654944396555,2.71967421202599,"[0, 3, 5, 7, 9, 11, 13]"
7,0-1__2-3__4__5-6__7__8-9__10-11__12-13__14-15,['exhaustive_transfer'],20,-0.007023583132,6.929123901784828,2.682143169414263,"[0, 2, 5, 8, 10, 12, 14]"
7,0__1-2__3-4__5-6__7-8__9-10__11-12__13-14__15,['exhaustive_transfer'],21,-0.00655238172,7.141905608414905,2.89492487604434,"[1, 3, 5, 7, 9, 11, 13]"
7,0-1__2-3__4-5__6-7__8__9__10-11__12-13__14-15,['exhaustive_transfer'],22,-0.006013452653,6.998787072630106,2.7518063402595407,"[0, 2, 4, 6, 10, 12, 14]"
7,0-1__2-3__4__5-6__7-8__9__10-11__12-13__14-15,['exhaustive_transfer'],23,0.000822175662,6.998182617441067,2.7512018850705022,"[0, 2, 5, 7, 10, 12, 14]"
7,0-1__2-3__4-5__6-7__8-9__10-11__12__13-14__15,['exhaustive_transfer'],24,0.009875294352,7.081510406784997,2.8345296744144326,"[0, 2, 4, 6, 8, 10, 13]"
7,0-1__2__3__4-5__6-7__8-9__10-11__12-13__14-15,['exhaustive_transfer'],25,0.015595755871,7.276143298703787,3.0291625663332225,"[0, 4, 6, 8, 10, 12, 14]"
7,0-1__2__3-4__5-6__7__8-9__10-11__12-13__14-15,['exhaustive_transfer'],26,0.017569534409,7.112952149392107,2.865971417021542,"[0, 3, 5, 8, 10, 12, 14]"
7,0__1-2__3__4-5__6-7__8-9__10-11__12-13__14-15,['exhaustive_transfer'],27,0.017964250843,7.344582500812012,3.0976017684414474,"[1, 4, 6, 8, 10, 12, 14]"
7,0__1-2__3-4__5-6__7__8-9__10-11__12-13__14-15,['exhaustive_transfer'],28,0.01993802938,7.254662159484386,3.0076814271138215,"[1, 3, 5, 8, 10, 12, 14]"
7,0-1__2__3-4__5-6__7-8__9__10-11__12-13__14-15,['exhaustive_transfer'],29,0.025415293203,7.182282518664646,2.9353017862940813,"[0, 3, 5, 7, 10, 12, 14]"
7,0__1-2__3-4__5-6__7-8__9__10-11__12-13__14-15,['exhaustive_transfer'],30,0.027783788175,7.311354906561321,3.064374174190756,"[1, 3, 5, 7, 10, 12, 14]"
7,0-1__2-3__4-5__6-7__8-9__10-11__12-13__14__15,['exhaustive_transfer'],31,0.055311709886,7.118086444783887,2.871105712413322,"[0, 2, 4, 6, 8, 10, 12]"
7,0-1__2-3__4-5__6__7-8__9-10__11__12-13__14-15,['exhaustive_transfer'],32,0.060197943847,7.195274422012583,2.9482936896420178,"[0, 2, 4, 7, 9, 12, 14]"
7,0-1__2-3__4-5__6__7-8__9-10__11-12__13__14-15,['exhaustive_transfer'],33,0.068100816838,7.146637608928065,2.8996568765575006,"[0, 2, 4, 7, 9, 11, 14]"
7,0-1__2-3__4-5__6__7-8__9-10__11-12__13-14__15,['exhaustive_transfer'],34,0.091032688725,7.181905234664066,2.9349245022935015,"[0, 2, 4, 7, 9, 11, 13]"
7,0-1__2-3__4-5__6__7__8-9__10-11__12-13__14-15,['exhaustive_transfer'],35,0.117523099825,7.32369412937705,3.0767133970064853,"[0, 2, 4, 8, 10, 12, 14]"
7,0-1__2-3__4-5__6__7-8__9__10-11__12-13__14-15,['exhaustive_transfer'],36,0.12536885862,7.395580034451751,3.1485993020811858,"[0, 2, 4, 7, 10, 12, 14]"
